week,weekly_revenue,payment_count,new_customers,churned_customers,lag_1,lag_2,lag_4,lag_8,lag_12,lag_26,rolling_mean_4,rolling_std_4,rolling_mean_8,rolling_std_8,rolling_mean_12,rolling_std_12,ema_4,ema_12,revenue_vs_4w_avg,revenue_vs_8w_avg,revenue_growth_4w,revenue_acceleration,revenue_deviation,rolling_cv_4,active_customers_lag_1,customer_trend_4,invoice_count_lag_1,average_invoice_lag_1,invoice_trend_4,payment_lag_1,average_payment_lag_1,payment_trend_4,month_sin,month_cos,week_sin,week_cos
2022-07-04,5063636.06,142,3.0,2.0,5195714.36,5259871.35,4668673.51,5261241.64,5498369.05,4218037.94,5054707.0825,266199.37972648436,5055779.55,317420.8376165385,5151217.944999999,326678.87279390346,5119437.02214784,5076856.649921566,1.0278962312154911,1.0276781866408713,0.11288877855157642,-64156.98999999929,44496.41500000097,0.05266366089700795,237.0,237.75,128.0,40591.5184375,124.75,4942714.09,34564.43419580419,4811555.0875,-0.4999999999999997,-0.8660254037844388,-0.12053668025532283,-0.992708874098054
2022-07-11,4732306.86,123,1.0,2.0,5063636.06,5195714.36,5094569.11,5527615.57,5517882.15,4667328.69,5153447.720000001,90637.15733029656,5031078.852500001,306654.29016556207,5114990.195833334,308267.4819034581,5097116.637288704,5074822.713010556,0.9825725097294669,1.0064712178947106,-0.006071769629993451,-132078.30000000075,-51354.13583333418,0.017587673777797932,238.0,238.0,126.0,40187.58777777777,127.75,5069005.5,35697.22183098592,4819246.7425,-0.4999999999999997,-0.8660254037844388,-0.23931566428755743,-0.9709418174260521
2022-07-18,5052453.18,142,3.0,1.0,4732306.86,5063636.06,5259871.35,4692940.65,5440221.93,4610559.23,5062882.1575,235038.81358121376,4931665.26375,245505.156882155,5049525.588333334,298178.48150529404,4951192.726373223,5022127.966393547,0.9347061047015888,0.9595758444484512,-0.10029988471105844,-331329.19999999925,-317218.7283333335,0.04642391552270961,237.0,237.5,119.0,39767.28453781513,125.25,4509877.09,36665.66739837398,4786112.819999999,-0.4999999999999997,-0.8660254037844388,-0.3546048870425356,-0.9350162426854148
2022-07-25,4786699.33,146,0.0,0.0,5052453.18,4732306.86,5195714.36,4745610.21,4911905.81,4132463.01,5011027.615,196874.05362087942,4976604.33,227832.5188405723,5017211.525833333,271837.0218513354,4991696.907823933,5026793.383871462,1.0082668802055683,1.0152410850793918,-0.02757295148919625,320146.31999999937,35241.65416666679,0.03928815978414428,239.0,237.75,124.0,40745.59016129032,124.25,5035081.97,35458.32373239436,4889169.6625,-0.4999999999999997,-0.8660254037844388,-0.46472317204376806,-0.8854560256532101
2022-08-01,5046081.12,129,1.0,0.0,4786699.33,5052453.18,5063636.06,4668673.51,5261241.64,4426319.05,4908773.8575,173847.48195686072,4981740.47,222276.5917134734,5006777.6525,278566.00670820934,4909697.87669436,4989855.837122006,0.9751313604896495,0.9608487954813111,-0.05469127850392941,-265753.8499999996,-220078.32249999978,0.035415663260030456,239.0,238.25,121.0,39559.498595041325,122.5,5342841.43,36594.80431506849,4989201.4975000005,-0.8660254037844385,-0.5000000000000004,-0.5680647467311556,-0.8229838658936566
2022-08-08,4711927.84,125,0.0,0.0,5046081.12,4786699.33,4732306.86,5094569.11,5527615.57,4737992.55,4904385.1225000005,168782.68033254595,5028916.42125,182902.16641470653,4988847.609166667,267398.95716170507,4964251.174016616,4998505.880641698,1.0288916946693147,1.0034132002427938,0.06630471549767591,259381.79000000004,57233.51083333325,0.03441464650853302,240.0,238.75,128.0,39422.50875,123.0,4660295.65,36126.32286821706,4887024.035,-0.8660254037844385,-0.5000000000000004,-0.663122658240795,-0.7485107481711013
2022-08-15,4400187.72,135,0.0,3.0,4711927.84,5046081.12,5052453.18,5259871.35,4692940.65,4414747.45,4899290.3675,175867.21372382186,4981086.2625,211133.71178633656,4920873.631666667,216898.03401003653,4863321.84040997,4954416.951312206,0.9617572110559336,0.9459639106179804,-0.06739801990604488,-334153.28000000026,-208945.79166666698,0.035896466739439865,240.0,239.5,113.0,41698.47646017699,121.5,4461571.67,35692.57336,4874947.68,-0.8660254037844385,-0.5000000000000004,-0.7485107481711011,-0.6631226582407952
2022-08-22,4470997.46,142,2.0,1.0,4400187.72,4711927.84,4786699.33,5195714.36,4745610.21,4485981.42,4736224.0025,265875.83481786604,4873625.80875,261692.87027618595,4896477.554166666,257525.05262765984,4678068.192245982,4869150.915725713,0.9290497488457841,0.9028571114548845,-0.08074699983297262,-311740.1200000001,-496289.8341666665,0.056136668087810954,237.0,239.0,107.0,41123.24971962617,117.25,4725726.3,35005.38,4797608.7625,-0.8660254037844385,-0.5000000000000004,-0.8229838658936564,-0.5680647467311559
2022-08-29,5538946.81,115,1.0,1.0,4470997.46,4400187.72,5046081.12,5063636.06,4668673.51,5468178.9,4657298.535,291519.1938221743,4783036.19625,259697.30668644182,4873593.158333333,283083.45832729596,4595239.899347588,4807896.5379217565,0.9599980388631024,0.9347613684181096,-0.11396639220100369,70809.74000000022,-402595.69833333325,0.06259405353369177,238.0,238.75,109.0,41018.325321100914,114.25,5090131.08,35845.99352112676,4734431.175,-0.8660254037844385,-0.5000000000000004,-0.8854560256532096,-0.4647231720437691
2022-09-05,5223974.69,128,1.0,0.0,5538946.81,4470997.46,4711927.84,4732306.86,5094569.11,4857882.57,4780514.9575,522931.78535910643,4842450.04,365771.85932364466,4946115.933333334,332905.5930812631,4972722.663608553,4920365.810549178,1.1586506598646074,1.143831482874731,0.17551605162102812,1067949.3499999996,592830.876666666,0.10938817052307204,238.0,238.25,133.0,41646.21661654135,115.5,4192569.37,36457.12495652174,4617499.605,-1.0,-1.8369701987210297e-16,-0.9350162426854147,-0.3546048870425359
2022-09-12,5881537.13,162,2.0,0.0,5223974.69,5538946.81,4400187.72,5052453.18,5259871.35,5146784.03,4908526.67,561776.1428213994,4903908.51875,385400.6733418635,4956899.731666666,340168.29154093395,5073223.474165132,4967074.868926228,1.0642653165007658,1.0652675656624169,0.18721632403446664,-314972.1199999992,267074.95833333395,0.11444903544170809,239.0,238.0,123.0,42471.33894308943,118.0,4623238.49,36119.050703125,4657916.3100000005,-1.0,-1.8369701987210297e-16,-0.970941817426052,-0.23931566428755774
2022-09-19,5222996.53,155,0.0,1.0,5881537.13,5223974.69,4470997.46,4786699.33,5195714.36,5348904.37,5278864.0225,601808.151181458,5007544.0125,519272.21236166026,5008705.213333334,426808.02092458674,5396548.93649908,5107761.370629885,1.1141671967550666,1.1745352842268202,0.3154865737722874,657562.4399999995,872831.916666666,0.11400334401802789,241.0,239.0,137.0,42930.92795620438,125.5,5979863.54,36912.73790123457,4971450.62,-1.0,-1.8369701987210297e-16,-0.992708874098054,-0.12053668025532357
2022-09-26,5491700.09,136,2.0,1.0,5222996.53,5881537.13,5538946.81,5046081.12,5063636.06,5141941.63,5466863.79,313908.8488068823,5062081.162500001,515663.0158466444,5010978.7275,427965.8307349201,5327127.973899448,5125489.856686826,0.9553917439014884,1.0317883815637063,-0.0570415804372022,-658540.5999999996,212017.80250000022,0.05742027986522823,240.0,239.5,124.0,42120.93975806452,129.25,5875156.96,37904.2384516129,5167707.09,-1.0,-1.8369701987210297e-16,-1.0,-1.8369701987210297e-16
2022-10-03,5500236.13,130,1.0,1.0,5491700.09,5222996.53,5223974.69,4711927.84,4732306.86,5487765.36,5455052.11,311169.36061972554,5117783.5337499995,537301.8318529386,5046650.7299999995,450025.51519506826,5392956.820339669,5181829.892581161,1.006718172303582,1.0730622062821045,0.05124936774913813,268703.5599999996,445049.36000000034,0.057042417624077565,241.0,240.25,123.0,44647.96821138211,126.75,5078609.58,37342.7175,5389217.1425,-0.8660254037844386,0.5000000000000001,-0.992708874098054,0.1205366802553232
2022-10-10,6026836.96,147,1.0,0.0,5500236.13,5491700.09,5881537.13,4400187.72,5052453.18,5498369.05,5524117.47,270828.25971899094,5216322.07,524366.9937316802,5110644.835833333,455824.65798535646,5435868.544203801,5230815.467568674,0.9956768949737776,1.054428015791594,-0.06483016115890783,8536.040000000037,389591.29416666646,0.049026520741057115,241.0,240.75,125.0,44001.88904,127.25,4960343.93,38156.491769230764,5473493.5024999995,-0.8660254037844386,0.5000000000000001,-0.9709418174260521,0.23931566428755738
2022-10-17,4998332.87,139,0.0,0.0,6026836.96,5500236.13,5222996.53,4470997.46,4786699.33,5517882.15,5560442.4275,336523.3527850576,5419653.225000001,475820.47180469916,5191843.484166667,525913.9577729608,5672255.91052228,5353280.312558109,1.0838772343354146,1.1120336873582901,0.15390407123245775,526600.8300000001,834993.4758333331,0.060520967022467675,242.0,241.0,131.0,46006.38900763359,125.75,5757101.42,39163.95523809524,5417802.9725,-0.8660254037844386,0.5000000000000001,-0.9350162426854148,0.35460488704253557
2022-10-24,6142413.18,131,2.0,0.0,4998332.87,6026836.96,5491700.09,5538946.81,5046081.12,5440221.93,5504276.5125,420009.0799697889,5485570.15125,343851.83716635365,5209479.6125,514517.65378788364,5402686.694313368,5298673.013703015,0.9080817176697026,0.9111783701938488,-0.08983870421081197,-1028504.0899999999,-211146.7424999997,0.07630595574476763,242.0,241.5,116.0,43089.07646551724,123.75,5488887.62,39488.40014388489,5321235.6375,-0.8660254037844386,0.5000000000000001,-0.8854560256532101,0.464723172043768
2022-10-31,5964106.09,157,2.0,3.0,6142413.18,4998332.87,5500236.13,5223974.69,4711927.84,4911905.81,5666954.785,526126.1700397143,5561003.4475,415883.02625889145,5300840.6175,576471.7569250625,5698577.288588021,5428479.19313332,1.0839001567929396,1.1045512267685031,0.11675445104935878,1144080.3099999996,841572.5625,0.09284107426308225,244.0,242.25,136.0,45164.80279411765,127.0,5247578.94,40057.8545038168,5363477.9775,-0.8660254037844386,0.5000000000000001,-0.822983865893657,0.5680647467311548
2022-11-07,5705508.81,150,1.0,0.0,5964106.09,6142413.18,6026836.96,5881537.13,4400187.72,5261241.64,5782922.275,528247.4778588058,5653519.8725000005,412507.98893770797,5405188.805000001,573502.5440657218,5804788.809152813,5510883.3311128095,1.0313308404270398,1.054936787082108,-0.010408589184732198,-178307.08999999985,558917.2849999992,0.09134611408188185,243.0,242.75,129.0,46233.380542635656,128.0,6126503.61,39022.31598726115,5655017.8975,-0.5000000000000004,0.8660254037844384,-0.7485107481711011,0.6631226582407952
2022-11-14,5781416.84,148,2.0,0.0,5705508.81,5964106.09,4998332.87,5222996.53,4470997.46,5527615.57,5702590.2375,502600.4773845791,5631516.3325,403197.50925504934,5513965.5625,482053.67274099047,5765076.809491687,5540825.712480069,1.0005117976881466,1.0131389972311688,0.14148236189799812,-258597.28000000026,191543.2474999996,0.08813547115475683,244.0,243.25,121.0,47152.96537190082,125.5,5962823.52,39752.1568,5706448.4225,-0.5000000000000004,0.8660254037844384,-0.6631226582407955,0.7485107481711007
2022-11-21,5380221.98,126,0.0,1.0,5781416.84,5705508.81,6142413.18,5491700.09,5538946.81,4692940.65,5898361.2299999995,195577.59514452054,5701318.87125,369281.19329949433,5623167.177499999,356342.65784679295,5771612.821695013,5577839.73209852,0.98017340996255,1.0140490245430596,-0.05877109361112698,75908.03000000026,158249.66250000056,0.033157954814598656,246.0,244.25,127.0,45522.967244094485,128.25,5801990.74,39202.64013513514,5784724.202500001,-0.5000000000000004,0.8660254037844384,-0.5680647467311559,0.8229838658936564
2022-11-28,5699542.23,139,0.0,1.0,5380221.98,5781416.84,5964106.09,5500236.13,5223974.69,4745610.21,5707813.43,243874.87154955976,5687384.1075,380261.1803680692,5609940.108333333,362643.17826907843,5615056.485017008,5547437.00100644,0.942606489504686,0.9459923715904923,-0.09789968541622629,-401194.8599999994,-229718.12833333295,0.04272649667695248,245.0,244.5,118.0,45595.101525423735,123.75,4955639.84,39330.47492063492,5711739.4275,-0.5000000000000004,0.8660254037844384,-0.4647231720437684,0.88545602565321
2022-12-05,6969385.35,143,2.0,0.0,5699542.23,5380221.98,5705508.81,6026836.96,5881537.13,4668673.51,5641672.465,178240.3200690786,5712297.37,372702.11129335203,5649570.736666667,342029.10798895033,5648850.783010205,5570837.805466988,1.0102575548933432,0.9977670735303474,-0.0010457577402284146,319320.25,49971.49333333317,0.03159352500076032,244.0,244.75,118.0,48301.205338983054,121.0,5531446.72,39794.580719424455,5562975.205,-2.4492935982947064e-16,1.0,-0.35460488704253595,0.9350162426854147
2022-12-12,6445648.23,158,0.0,1.0,6969385.35,5699542.23,5781416.84,4998332.87,5222996.53,5094569.11,5957641.6,696349.8364223861,5830115.918749999,578499.7096781988,5740224.755,511353.5879747591,6177064.609806123,5785998.966164374,1.1698228624561773,1.1954111113959232,0.20548051504966391,1269843.1199999992,1229160.5949999997,0.11688347221531187,246.0,245.25,138.0,50502.79239130435,125.25,6397836.88,44740.11804195804,5671728.545,-2.4492935982947064e-16,1.0,-0.2393156642875578,0.970941817426052
2022-12-19,6380952.88,133,2.0,0.0,6445648.23,6969385.35,5380221.98,6142413.18,5491700.09,5259871.35,6123699.4475,719143.8785291895,6011030.33875,502537.86861969216,5842112.396666666,520649.2062217684,6284498.057883674,5887483.468292931,1.0525742298850798,1.072303393388026,0.19802644834367977,-523737.1199999992,603535.8333333349,0.11743618129769252,245.0,245.0,127.0,50753.13566929133,125.25,6905765.22,43707.37481012658,5947672.164999999,-2.4492935982947064e-16,1.0,-0.12053668025532363,0.992708874098054
2022-12-26,6424411.11,147,2.0,0.0,6380952.88,6445648.23,5699542.23,5964106.09,5500236.13,5195714.36,6373882.1725,521075.41180944006,6040847.8012500005,518277.19455466606,5916216.795833333,529450.3404851402,6323079.986730205,5963401.839324788,1.0011093251033893,1.0563008852299876,0.11955532962162119,-64695.35000000056,464736.0841666665,0.08175165428341467,247.0,245.5,129.0,49464.75100775194,128.0,5557104.1,41782.73759398496,6098038.2299999995,-2.4492935982947064e-16,1.0,6.432490598706546e-16,1.0
2023-01-02,5001940.96,166,2.0,2.0,6424411.11,6380952.88,6969385.35,5705508.81,6026836.96,5063636.06,6555099.3925,277500.05798978073,6098385.92875,533857.2823480354,5993231.3775,530654.9033180876,6363612.436038123,6034326.34250559,0.9800631119873596,1.0534608968764996,-0.07819545234358427,43458.23000000045,431179.7324999999,0.04233346306042006,249.0,246.75,131.0,49041.30618320611,131.25,6388096.56,43456.439183673465,6312200.6899999995,0.49999999999999994,0.8660254037844387,0.12053668025532305,0.992708874098054
2023-01-09,4551768.35,138,1.0,0.0,5001940.96,6424411.11,6445648.23,5781416.84,4998332.87,4732306.86,6063238.295,708043.7254580498,6010439.947500001,652576.0338324994,5907823.3775,602384.1970683876,5818943.845622874,5875497.822120115,0.8249619620137328,0.8322087906527577,-0.22398170338873746,-1422470.1500000004,-905882.4175000004,0.1167764964873527,249.0,247.5,133.0,37608.57864661655,130.0,6590403.96,39701.2286746988,6360342.46,0.49999999999999994,0.8660254037844387,0.23931566428755774,0.970941817426052
2023-01-16,4558796.67,131,0.0,0.0,4551768.35,5001940.96,6380952.88,5380221.98,6142413.18,5052453.18,5589768.325,956658.5140940552,5856733.8862499995,833859.8014219532,5870609.6675,673297.7094790332,5312073.647373725,5671847.134101636,0.8143035784940156,0.7771854481362556,-0.2866632248191747,-450172.61000000034,-1318841.3175000008,0.17114457316870196,250.0,248.75,124.0,36707.80927419355,129.25,4530902.47,32832.6265942029,5766626.772499999,0.49999999999999994,0.8660254037844387,0.3546048870425356,0.9350162426854148
2023-01-23,4508741.28,148,1.0,1.0,4558796.67,4551768.35,6424411.11,5699542.23,5964106.09,4786699.33,5134229.2725,885522.9674601771,5754055.7225,944192.0323015733,5738641.625,764235.6420035326,5010762.856424235,5500608.601162923,0.8879223010974331,0.7922753775521852,-0.29039462264425353,7028.320000000298,-1179844.955,0.17247437160689771,250.0,249.5,127.0,35896.03677165354,128.75,4064977.36,31030.36152671756,5393595.087499999,0.49999999999999994,0.8660254037844387,0.4647231720437685,0.8854560256532099
2023-01-30,4566004.39,147,0.0,2.0,4508741.28,4558796.67,5001940.96,6969385.35,5705508.81,5046081.12,4655311.8149999995,232142.99347038558,5605205.60375,1042735.1145666206,5617361.224166666,837199.3727863226,4809954.22585454,5348013.6286763195,0.9685154204863935,0.8043846379129355,-0.09860165962454692,-50055.389999999665,-1108619.944166666,0.04986626088555265,250.0,249.75,123.0,36656.43317073171,126.75,4918978.46,33236.34094594594,5026315.5625,0.49999999999999994,0.8660254037844387,0.5680647467311558,0.8229838658936564
2023-02-06,4992940.01,145,1.0,0.0,4566004.39,4508741.28,4551768.35,6445648.23,5781416.84,4711927.84,4546327.672499999,25722.79781977832,5304782.983750001,934115.1972222752,5522402.5225,889295.2277621576,4712374.291512724,5227704.515033809,1.0043280464844233,0.8607334935259215,0.0031275844694513832,57263.109999999404,-956398.1325000003,0.00565792870042592,248.0,249.5,121.0,37735.57347107438,123.75,4670599.16,31772.783401360542,4546364.3625,0.8660254037844386,0.5000000000000001,0.6631226582407952,0.7485107481711011
2023-02-13,5434042.76,136,2.0,0.0,4992940.01,4566004.39,4558796.67,6380952.88,5380221.98,4400187.72,4656620.5875,225654.49816167983,5123194.45625,814149.4944673842,5456696.12,897508.6823001134,4824600.578907634,5191586.898874762,1.0722239263818913,0.974575541224851,0.09523200340496873,426935.6200000001,-463756.11000000034,0.04845885421015736,249.0,249.25,130.0,38407.23084615384,125.25,5180838.79,35729.92268965517,4708848.4425,0.8660254037844386,0.5000000000000001,0.7485107481711011,0.6631226582407953
2023-02-20,4931889.17,128,1.0,1.0,5434042.76,4992940.01,4508741.28,6424411.11,5699542.23,4470997.46,4875432.109999999,430527.44533742254,5004830.691249999,659270.8487305002,5461181.185,897226.2141926306,5068377.45134458,5228887.800586336,1.1145766441612905,1.0857595581605581,0.20522390231270915,441102.75,-27138.424999999814,0.08830549490256825,251.0,249.5,131.0,41481.24244274809,126.25,4732182.67,34795.460808823525,4875649.77,0.8660254037844386,0.5000000000000001,0.8229838658936564,0.5680647467311559
2023-02-27,4892000.84,137,1.0,0.0,4931889.17,5434042.76,4566004.39,5001940.96,6969385.35,5538946.81,4981219.0825,355913.54014760157,4818265.4487499995,328225.86875764874,5397210.096666667,906009.7391327586,5013782.138806748,5183195.703573054,0.9900968193361932,1.0235818724515224,0.0801323758692225,-502153.58999999985,-465320.92666666675,0.07145109144024515,251.0,249.75,125.0,39455.11336,126.75,4823548.27,37683.970859375,4851792.2225,0.8660254037844386,0.5000000000000001,0.8854560256532099,0.4647231720437686
2023-03-06,4891374.44,139,2.0,0.0,4892000.84,4931889.17,4992940.01,4551768.35,6445648.23,5223974.69,5062718.194999999,251005.69499180975,4804522.93375,321673.0609959727,5224094.720833334,765937.5886671941,4965069.619284049,5138396.493792584,0.9662795066949209,1.0182074073651517,-0.020216379487403402,-39888.330000000075,-332093.8808333343,0.04957923497296491,252.0,250.75,123.0,39772.36455284553,127.25,4737365.16,34579.30773722628,4868483.7225,1.0,6.123233995736766e-17,0.9350162426854148,0.35460488704253557
2023-03-13,5382348.79,144,0.0,0.0,4891374.44,4892000.84,5434042.76,4558796.67,6380952.88,5881537.13,5037326.8025,265155.5347201672,4846973.695,305557.2601655764,5094571.905,665408.9773645126,4935591.54757043,5100393.100901417,0.9710258301233177,1.0091605087615398,-0.09986456565903057,-626.3999999994412,-203197.46499999985,0.05263814422136993,254.0,252.0,119.0,41103.98689075631,124.5,4920649.83,35400.35848920864,4803436.4825,1.0,6.123233995736766e-17,0.970941817426052,0.23931566428755804
2023-03-20,4577371.3,145,1.0,0.0,5382348.79,4891374.44,4931889.17,4508741.28,6424411.11,5222996.53,5024403.31,239381.79203100878,4949917.71,332169.79468190006,5011354.8975,540656.070931121,5114294.444542258,5143770.899224277,1.0712413908508471,1.0873612664562862,0.09133611978551426,490974.3499999996,370993.8925000001,0.04764382499998966,254.0,252.75,133.0,40468.787894736844,125.0,4879032.07,33882.16715277778,4840148.8325,1.0,6.123233995736766e-17,0.992708874098054,0.120536680255323
2023-03-27,5126240.92,130,0.0,0.0,4577371.3,5382348.79,4892000.84,4566004.39,5001940.96,5491700.09,4935773.8425,332550.2212174359,4958496.4625,319804.14380273526,4857434.913333333,319476.3360542677,4899525.186725355,5056632.499343619,0.9273867575912945,0.9231369498027547,-0.06431510342913194,-804977.4900000002,-280063.6133333333,0.06737549811419179,255.0,253.75,118.0,38791.28220338983,123.25,5127962.97,35365.26186206896,4916252.5075,1.0,6.123233995736766e-17,1.0,-1.6081226496766366e-16
2023-04-03,5972640.49,142,1.0,0.0,5126240.92,4577371.3,4891374.44,4992940.01,4551768.35,5500236.13,4994333.862500001,342740.65851078613,5028526.0287500005,280504.1093681992,4867793.243333333,326524.8917112442,4990211.480035213,5067341.487136909,1.0264113415585658,1.0194321140412372,0.048016458948499485,548869.6200000001,258447.67666666675,0.06862590045977049,255.0,254.5,123.0,41676.75544715447,123.25,4632679.52,35635.9963076923,4890081.0975,0.8660254037844387,-0.4999999999999998,0.992708874098054,-0.12053668025532288
2023-04-10,5623568.82,155,0.0,1.0,5972640.49,5126240.92,5382348.79,5434042.76,4558796.67,6026836.96,5264650.375,579256.0239932674,5150988.588749999,434393.99660479516,4986199.255,439563.77715477685,5383183.084021128,5206618.256808153,1.134479987191932,1.1595134384581103,0.10967176655231214,846399.5700000003,986441.2350000003,0.11002744393890876,256.0,255.0,145.0,41190.62406896552,129.75,5236871.74,36879.37845070423,4969136.575,0.8660254037844387,-0.4999999999999998,0.9709418174260521,-0.2393156642875575
2023-04-17,5936564.59,158,0.0,2.0,5623568.82,5972640.49,4577371.3,4931889.17,4508741.28,4998332.87,5324955.3825,607463.4094733258,5174679.3462499995,456635.1161615175,5074930.2675,452715.85889291205,5479337.378412677,5270764.497299207,1.0560781107164516,1.0867473023377388,0.22855858776411697,-349071.6699999999,548638.5525000002,0.11407859143190216,255.0,255.25,131.0,42928.00625954199,129.25,5587318.15,36047.21387096775,5146208.095000001,0.8660254037844387,-0.4999999999999998,0.9350162426854148,-0.35460488704253545
2023-04-24,5467009.6,158,1.0,1.0,5936564.59,5623568.82,5126240.92,4892000.84,4566004.39,6142413.18,5664753.705,391734.4525496118,5300263.77375,514775.939150697,5193915.543333333,477343.20829764305,5662228.263047606,5373195.2807916375,1.0479828248772909,1.1200507830197683,0.15807366111852583,312995.76999999955,742649.0466666669,0.06915295402937767,253.0,254.75,136.0,43651.21022058823,133.75,5932860.16,37549.74784810127,5347432.3925,0.8660254037844387,-0.4999999999999998,0.8854560256532099,-0.4647231720437685
2023-05-01,5930210.71,149,3.0,0.0,5467009.6,5936564.59,5972640.49,4891374.44,4992940.01,5964106.09,5749945.875,245250.57395759734,5372139.86875,489132.76549089927,5268999.310833333,438911.7746498495,5584140.797828563,5387628.25297754,0.9507932281188646,1.0176595795284225,-0.0846578478725748,-469554.9900000002,198010.28916666657,0.0426526752232424,253.0,254.25,132.0,41416.73939393939,136.0,5954514.57,37686.80107594937,5677891.155,0.49999999999999994,-0.8660254037844387,0.8229838658936565,-0.5680647467311557
2023-05-08,5972307.3,147,1.0,0.0,5930210.71,5467009.6,5623568.82,5382348.79,5434042.76,5705508.81,5739338.43,233020.72848386934,5501994.402500001,481094.89750334923,5347105.2025,467766.88232921105,5722568.762697138,5471102.477134841,1.0332568435069616,1.0778292881042237,0.05452798744267873,463201.11000000034,583105.5075000003,0.04060062519851602,256.0,254.25,138.0,42972.54137681159,134.25,5531912.61,37126.93026845638,5751651.3725000005,0.49999999999999994,-0.8660254037844387,0.7485107481711013,-0.663122658240795
2023-05-15,6688342.96,163,0.0,0.0,5972307.3,5930210.71,5936564.59,4577371.3,4931889.17,5781416.84,5826523.05,240390.82042984932,5575739.21625,504768.5284719945,5391960.580833334,501456.0510492604,5822464.177618282,5548210.911421789,1.0250207969227891,1.071123857908246,0.0060207733712200895,42096.58999999985,580346.7191666663,0.041258022729327284,257.0,254.75,135.0,44239.31333333333,135.25,5551070.29,37762.38292517007,5742589.407500001,0.49999999999999994,-0.8660254037844387,0.6631226582407952,-0.7485107481711012
2023-05-22,6030201.81,163,1.0,0.0,6688342.96,5972307.3,5467009.6,5126240.92,4892000.84,5380221.98,6014467.6425,504213.9020256129,5839610.67375,457893.0469465942,5538331.7299999995,601353.5711376689,6168815.690570969,5723615.841972283,1.1120423880474803,1.1453405601276108,0.2234006247217859,716035.6600000001,1150011.2300000004,0.0838335048080879,257.0,255.75,153.0,43714.65986928104,139.5,6450241.13,39572.03147239264,5871934.65,0.49999999999999994,-0.8660254037844387,0.5680647467311558,-0.8229838658936564
2023-05-29,5885331.56,151,1.0,1.0,6030201.81,6688342.96,5930210.71,5972640.49,4891374.44,5699542.23,6155265.694999999,357740.99865941185,5952605.785,357160.9703950609,5633181.810833332,579507.7374134199,6113370.138342582,5770782.913976547,0.9796818055958834,1.013035639819377,0.016861306434084566,-658141.1500000004,397019.99916666746,0.05811950553978676,258.0,257.0,141.0,42767.388723404256,141.75,5966894.15,36606.71257668712,5875029.545,0.49999999999999994,-0.8660254037844387,0.46472317204376906,-0.8854560256532096
2023-06-05,5431455.12,159,0.0,0.0,5885331.56,6030201.81,5972307.3,5623568.82,5382348.79,6969385.35,6144045.9075,367716.83979395864,5941692.16875,357794.6911692885,5716011.570833333,533009.7633273018,6022154.707005549,5788405.782595539,0.9578918596320726,0.9905143842613682,-0.01456317226007442,-144870.25,169319.98916666675,0.0598492988708123,258.0,257.5,142.0,41445.99690140845,142.75,5633166.69,37305.73966887417,5900343.065,1.2246467991473532e-16,-1.0,0.35460488704253584,-0.9350162426854147
2023-06-12,5777875.66,164,0.0,1.0,5431455.12,5885331.56,6688342.96,5936564.59,4577371.3,6445648.23,6008832.8625,519874.41873825295,5917677.956250001,387417.31078731373,5720103.765000001,530397.2829685608,5785874.87220333,5733490.29604238,0.9039118318461966,0.9178355361943155,-0.18792215762811304,-453876.4399999995,-288648.6450000005,0.08651836898022107,258.0,257.75,131.0,41461.48946564885,141.75,5761364.9,36234.99937106919,5952916.717499999,1.2246467991473532e-16,-1.0,0.23931566428755768,-0.970941817426052
2023-06-19,5796382.6,170,0.0,1.0,5777875.66,5431455.12,6030201.81,5467009.6,5126240.92,6380952.88,5781216.0375,255067.1901448395,5897841.84,390363.45956099767,5820145.795000001,389863.9934962643,5782675.187321998,5740318.813574322,0.9994222015786416,0.979659308734532,-0.041843732258108224,346420.54000000004,-42270.13500000071,0.044119989374266574,257.0,257.75,139.0,41567.45079136691,138.25,5750739.41,35065.48420731707,5778041.2875,1.2246467991473532e-16,-1.0,0.12053668025532308,-0.992708874098054
2023-06-26,4841898.0200000005,132,0.0,1.0,5796382.6,5777875.66,5885331.56,5930210.71,5972640.49,6424411.11,5722761.234999999,199788.2782969172,5939013.465,354119.0579935859,5875990.935,323836.3539620551,5788158.1523931995,5748944.011485964,1.012864657807098,0.9759840812214761,-0.01511367016338494,18506.93999999948,-79608.33499999996,0.03491116789479637,256.0,257.25,137.0,42309.36204379562,137.25,6192561.88,36426.834588235295,5834458.220000001,1.2246467991473532e-16,-1.0,-3.216245299353273e-16,-1.0
2023-07-03,5927443.6,149,1.0,0.0,4841898.0200000005,5796382.6,5431455.12,5972307.3,5623568.82,5001940.96,5461902.850000001,446112.30772263085,5802974.378749999,525538.3495453454,5781762.395833333,437662.0359542184,5409654.09943592,5609398.474334277,0.8864855624445975,0.8343821123406336,-0.10854496391383228,-954484.5799999991,-939864.3758333325,0.0816770858021817,255.0,256.5,120.0,40349.15016666667,131.75,4542215.74,34410.7253030303,5561720.4825,-0.4999999999999997,-0.8660254037844388,-0.12053668025532283,-0.992708874098054
2023-07-10,5017726.04,146,0.0,0.0,5927443.6,4841898.0200000005,5777875.66,6688342.96,5936564.59,4551768.35,5585899.97,500449.316741155,5797366.41625,523709.4686358937,5807085.294166666,436466.3321936147,5616769.899661552,5658328.493667466,1.0611438858257964,1.0224372886601396,0.025886320302018984,1085545.5799999991,120358.30583333317,0.08959152856816285,256.0,256.0,150.0,39516.29066666667,136.5,5263388.87,35324.757516778525,5437226.475,-0.4999999999999997,-0.8660254037844388,-0.23931566428755743,-0.9709418174260521
2023-07-17,5659652.61,144,1.0,0.0,5017726.04,5927443.6,5796382.6,6030201.81,5467009.6,4558796.67,5395862.5649999995,545545.1841550178,5588539.30125,444816.3434601769,5730515.414999999,489108.5804219294,5377152.355796931,5559774.270026317,0.9299210236649162,0.8978600255844448,-0.1343349143308793,-909717.5599999996,-712789.3749999991,0.10110435126603672,256.0,255.75,124.0,40465.53258064516,132.75,5491821.95,37615.21883561644,5372497.11,-0.4999999999999997,-0.8660254037844388,-0.3546048870425356,-0.9350162426854148
2023-07-24,4884501.14,166,4.0,0.0,5659652.61,5017726.04,4841898.0200000005,5885331.56,5930210.71,4508741.28,5361680.0675,515543.0019980706,5542220.651249999,410201.8750755396,5746568.9991666665,482794.22020382393,5490152.457478159,5575140.168483807,1.0555744726930223,1.0211886112335704,0.16889132869427925,641926.5700000003,-86916.3891666662,0.09615325709623211,257.0,256.0,139.0,40716.925251798566,133.25,5027230.65,34911.323958333334,5081164.3025,-0.4999999999999997,-0.8660254037844388,-0.46472317204376806,-0.8854560256532101
2023-07-31,5380033.61,141,1.0,2.0,4884501.14,5659652.61,5927443.6,5431455.12,5972307.3,4566004.39,5372330.8475,501473.28151353955,5417116.84875,441995.6717280688,5659426.535,537866.480288924,5247891.930486895,5468888.010255529,0.9091958925562057,0.9016791175784031,-0.1759514776319424,-775151.4700000007,-774925.3950000005,0.09334370792649503,261.0,257.5,121.0,40367.77801652892,133.5,5700476.06,34340.21722891566,5370729.3825,-0.4999999999999997,-0.8660254037844388,-0.5680647467311556,-0.8229838658936566
2023-08-07,5678801.34,135,2.0,2.0,5380033.61,4884501.14,5017726.04,5777875.66,6688342.96,4992940.01,5235478.35,351862.2346363829,5410689.16,442131.2468191258,5610070.394166667,533703.8288805969,5300748.602292137,5455218.102523909,1.0276107072432075,0.9943342614788095,0.0722055303760667,495532.47000000067,-230036.78416666668,0.06720727526958123,260.0,258.5,128.0,42031.512578125,128.0,5157159.06,36575.59617021276,5344171.93,-0.8660254037844385,-0.5000000000000004,-0.663122658240795,-0.7485107481711013
2023-08-14,5139349.87,150,1.0,1.0,5678801.34,5380033.61,5659652.61,5796382.6,6030201.81,5434042.76,5400747.175,370263.4932830993,5398304.87,431639.9832645772,5525941.925833333,414548.88658493484,5451969.697375283,5489615.523674076,1.0514843883615048,1.051960101690218,0.0033833755036776214,298767.7299999995,152859.41416666657,0.06855782751635645,260.0,259.5,137.0,41451.10467153285,131.25,5011652.31,37123.35044444444,5224129.52,-0.8660254037844385,-0.5000000000000004,-0.7485107481711011,-0.6631226582407952
2023-08-21,5617896.05,142,0.0,0.0,5139349.87,5678801.34,4884501.14,4841898.0200000005,5885331.56,4931889.17,5270671.49,339068.8007128031,5316175.77875,406873.41624622996,5451704.264166667,395359.35264858097,5326921.76642517,5435728.500031911,0.9750844612021152,0.9667381373172772,0.05217497605088095,-539451.4699999997,-312354.394166667,0.06433123395303908,260.0,260.25,124.0,41446.36991935484,127.5,5762435.87,38416.239133333336,5407930.824999999,-0.8660254037844385,-0.5000000000000004,-0.8229838658936564,-0.5680647467311559
2023-08-28,5630444.18,171,3.0,1.0,5617896.05,5139349.87,5380033.61,5927443.6,5431455.12,4892000.84,5454020.2175,246220.28564888253,5413175.532500001,368325.54501087737,5429417.971666667,375744.8514108953,5443311.479855102,5463754.276950078,1.0300467959348922,1.0378189320244438,0.044212073240189165,478546.1799999997,188478.07833333313,0.04514473284474629,260.0,260.0,137.0,41006.5405109489,131.5,4839799.63,34083.09598591549,5192761.717499999,-0.8660254037844385,-0.5000000000000004,-0.8854560256532096,-0.4647231720437691
2023-09-04,6255111.35,145,0.0,0.0,5630444.18,5617896.05,5678801.34,5017726.04,5777875.66,4891374.44,5516622.86,252882.2652658504,5376050.605,321014.88344538276,5446000.393333334,380207.33493753395,5518164.559913061,5489398.877419297,1.020632427281788,1.0473197880175087,-0.00851538152239717,12548.129999999888,184443.78666666616,0.04584004955268057,262.0,260.5,137.0,41098.132700729926,133.75,6201814.43,36267.92064327485,5453925.5600000005,-1.0,-1.8369701987210297e-16,-0.9350162426854147,-0.3546048870425359
2023-09-11,6194561.1,155,0.0,1.0,6255111.35,5630444.18,5139349.87,5659652.61,5796382.6,5382348.79,5660700.3625,457485.3017088036,5530723.76875,409584.2642408836,5485770.034166667,438558.96758403804,5812943.275947836,5607200.796277867,1.1050066156897735,1.1309751872517977,0.21710167788207024,624667.1699999999,769341.315833333,0.08081779151206639,262.0,261.0,148.0,42264.26587837838,136.5,5501708.93,37942.82020689655,5576439.715,-1.0,-1.8369701987210297e-16,-0.970941817426052,-0.23931566428755774
2023-09-18,6174023.51,167,0.0,2.0,6194561.1,6255111.35,5617896.05,4884501.14,4841898.0200000005,4577371.3,5924503.17,347712.3667023806,5597587.33,472471.67054408387,5518951.575833334,477528.30292085715,5965590.405568702,5697563.919927426,1.0455832197655823,1.1066484066805975,0.10264786761228883,-60550.25,675609.524166666,0.05869055289954053,261.0,261.25,142.0,43623.66971830986,141.0,5853232.86,37762.792645161295,5599138.9625,-1.0,-1.8369701987210297e-16,-0.992708874098054,-0.12053668025532357
2023-09-25,6230164.67,168,0.0,1.0,6174023.51,6194561.1,5630444.18,5380033.61,5927443.6,5126240.92,6063535.034999999,290771.79251710005,5758777.62625,410319.4954927559,5629962.033333332,460355.98304407013,6048963.647341222,5770865.395323207,1.018221792133176,1.0721066015567613,0.09654288589359572,-20537.58999999985,544061.4766666675,0.0479541704366684,259.0,261.0,146.0,42287.83226027397,143.25,6220289.7,37247.243712574855,5944261.4799999995,-1.0,-1.8369701987210297e-16,-1.0,-1.8369701987210297e-16
2023-10-02,6642443.87,159,1.0,0.0,6230164.67,6174023.51,6255111.35,5678801.34,5017726.04,5972640.49,6213465.1575,36176.81584922486,5865044.00875,408298.38204135385,5655188.789166667,485734.232833128,6121444.056404733,5841526.82219656,1.0026876327583238,1.0622536950626935,-0.003988207180356529,56141.16000000015,574975.8808333334,0.005822325374361748,258.0,260.0,141.0,44185.56503546099,144.25,6296537.26,37479.38845238096,5967942.1875,-0.8660254037844386,0.5000000000000001,-0.992708874098054,0.1205366802553232
2023-10-09,6046374.28,144,2.0,0.0,6642443.87,6230164.67,6194561.1,5139349.87,5659652.61,5623568.82,6310298.2875,222641.71231000285,5985499.324999999,481150.60433275375,5790581.941666666,517305.37521901145,6329843.98184284,5964744.829550935,1.052635480506198,1.1097560135469569,0.07230258330973616,412279.2000000002,851861.9283333337,0.0352822801975988,259.0,259.25,142.0,46777.773732394366,142.75,6302429.04,39637.91849056604,6168122.215000001,-0.8660254037844386,0.5000000000000001,-0.9709418174260521,0.23931566428755738
2023-10-16,6777950.0200000005,171,0.0,1.0,6046374.28,6642443.87,6174023.51,5617896.05,4884501.14,5936564.59,6273251.5825,257862.33274107828,6098877.37625,339209.486107227,5822808.7475,520443.67347171163,6216456.101105704,5977303.206543099,0.9638341776164532,0.9913913507337506,-0.020675209576582865,-596069.5899999999,223565.53250000067,0.041105052037194986,261.0,259.25,138.0,43814.3063768116,141.75,5684443.65,39475.303125000006,6125924.9125,-0.8660254037844386,0.5000000000000001,-0.9350162426854148,0.35460488704253557
2023-10-23,6322243.54,160,0.0,0.0,6777950.0200000005,6046374.28,6230164.67,5630444.18,5380033.61,5467009.6,6424233.210000001,343109.0414686918,6243884.1225,351938.00100915256,5980596.154166666,496587.36167543463,6441053.668663423,6100479.639382623,1.0550597710944556,1.0855342423116856,0.08792469846547424,731575.7400000002,797353.8658333346,0.05340855947362031,260.0,259.5,150.0,45186.33346666667,142.75,6812113.88,39836.9232748538,6273880.9575,-0.8660254037844386,0.5000000000000001,-0.8854560256532101,0.464723172043768
2023-10-30,6697977.36,154,0.0,0.0,6322243.54,6777950.0200000005,6642443.87,6255111.35,5678801.34,5930210.71,6447252.9275,328527.5777397038,6330359.0424999995,249865.91742221627,6059113.648333333,466579.10657754645,6393529.617198054,6134597.162554527,0.9806104415468505,0.9987180028106598,-0.04820519921081401,-455706.48000000045,263129.8916666666,0.0509562105650312,260.0,260.0,138.0,45813.35898550725,142.0,6242703.13,39016.8945625,6260422.425000001,-0.8660254037844386,0.5000000000000001,-0.822983865893657,0.5680647467311548
2023-11-06,6345079.46,164,1.0,0.0,6697977.36,6322243.54,6046374.28,6194561.1,5139349.87,5972307.3,6461136.300000001,340481.6945138485,6385717.29375,278258.7596126048,6144044.983333333,483510.46805231035,6515308.714318832,6221271.039084599,1.0366562550305585,1.0488997636264956,0.10776757273451487,375733.8200000003,553932.3766666669,0.052696875395408155,260.0,260.25,141.0,47503.38553191489,141.75,6256834.15,40628.79318181818,6249023.7025,-0.5000000000000004,0.8660254037844384,-0.7485107481711011,0.6631226582407952
2023-11-13,6524263.64,153,1.0,0.0,6345079.46,6697977.36,6777950.0200000005,6174023.51,5617896.05,6688342.96,6535812.595000001,235880.48784194505,6404532.08875,268401.17418941273,6244522.449166667,366985.2655262505,6447217.012591299,6240318.4884562,0.9708172270505561,0.990717100339862,-0.06386452522115238,-352897.9000000004,100557.01083333325,0.03609046073664923,261.0,260.25,135.0,47000.58859259259,141.0,6995021.3,42652.56890243902,6576668.115,-0.5000000000000004,0.8660254037844384,-0.6631226582407955,0.7485107481711007
2023-11-20,6733690.92,151,0.0,0.0,6524263.64,6345079.46,6322243.54,6230164.67,5630444.18,6030201.81,6472391.0,175435.1395437901,6448312.105,253586.34850829042,6320053.081666667,316025.8920078836,6478035.663554779,6284002.357924476,1.0080144478292488,1.0117785140922548,0.031953862378417686,179184.1799999997,204210.55833333265,0.027105151642382252,262.0,260.75,142.0,45945.51859154929,139.0,5987513.29,39134.07379084968,6370517.967499999,-0.5000000000000004,0.8660254037844384,-0.5680647467311559,0.8229838658936564
2023-11-27,7118227.47,159,1.0,1.0,6733690.92,6524263.64,6697977.36,6642443.87,6255111.35,5885331.56,6575252.845,178646.40716658274,6511252.88625,254194.15586943575,6411990.31,250944.10554995574,6580297.766132867,6353185.213628403,1.0240961189987516,1.0341620940909435,0.005331991746236664,209427.28000000026,321700.61000000034,0.027169511405546982,262.0,261.25,143.0,47088.74769230769,140.25,6336704.84,41964.932715231786,6394018.395,-0.5000000000000004,0.8660254037844384,-0.4647231720437684,0.88545602565321
2023-12-04,6977458.24,173,0.0,1.0,7118227.47,6733690.92,6345079.46,6046374.28,6194561.1,5431455.12,6680315.3725,332340.79619858944,6570725.83625,332783.391368449,6483916.653333333,316914.31547795486,6795469.64767972,6470884.022300957,1.0655526083847324,1.0833243765444438,0.1218500122613122,384536.5499999998,634310.8166666664,0.049749267462236034,262.0,261.75,143.0,49777.81447552447,140.75,6857972.55,43131.90283018868,6544302.995,-2.4492935982947064e-16,1.0,-0.35460488704253595,0.9350162426854147
2023-12-11,7699527.82,148,0.0,0.0,6977458.24,7118227.47,6524263.64,6777950.0200000005,6174023.51,5777875.66,6838410.0675,262860.07100203144,6687111.331250001,282169.02865939704,6549158.081666667,332150.1372977965,6868265.084607832,6548818.517331579,1.0203334066146217,1.0434188836356229,0.06946295015141368,-140769.22999999952,428300.1583333332,0.0384387698905761,261.0,261.75,128.0,54511.3925,139.0,7637850.79,44149.42653179191,6705010.3675,-2.4492935982947064e-16,1.0,-0.2393156642875578,0.970941817426052
2023-12-18,7745614.25,156,0.0,2.0,7699527.82,6977458.24,6733690.92,6322243.54,6230164.67,5796382.6,7132226.112500001,410207.501696173,6802308.55625,457931.3422149627,6676283.440833334,447442.7495598956,7200770.178764699,6725850.717742106,1.0795406228787028,1.1318992304348836,0.14343350644909014,722069.5800000001,1023244.3791666664,0.05751465183881927,261.0,261.5,146.0,52736.49191780822,140.0,6937356.87,46874.03290540541,6942471.2625,-2.4492935982947064e-16,1.0,-0.12053668025532363,0.992708874098054
2023-12-25,7675984.28,171,1.0,1.0,7745614.25,7699527.82,7118227.47,6697977.36,6642443.87,4841898.0200000005,7385206.945,394219.9404979326,6980229.8950000005,517414.3116156555,6802570.905833334,518329.42240349884,7418707.807258819,6882737.4150125515,1.0488012465573502,1.1096503075848907,0.08813806283153247,46086.4299999997,943043.3441666663,0.05337967418297343,259.0,260.75,149.0,51983.98825503356,141.5,7182524.49,46041.82365384616,7153926.175000001,-2.4492935982947064e-16,1.0,6.432490598706546e-16,1.0
2024-01-01,5140554.3,150,0.0,1.0,7675984.28,7745614.25,6977458.24,6345079.46,6046374.28,5927443.6,7524646.147500001,365936.3961863969,7102480.76,555346.5414675456,6888699.273333333,572356.5638282774,7521618.396355292,7004775.394241389,1.0201123254879274,1.080746930457014,0.10011181951552595,-69629.96999999974,787285.0066666668,0.04863170825753396,259.0,260.0,150.0,51173.228533333335,143.25,8050466.85,47078.75350877193,7452049.75,0.49999999999999994,0.8660254037844387,0.12053668025532305,0.992708874098054
2024-01-08,5422679.72,162,0.0,0.0,5140554.3,7675984.28,7699527.82,6524263.64,6777950.0200000005,5017726.04,7065420.1625,1283569.7160869392,6951915.115,866273.3868549521,6813214.275000001,731227.8609824365,6569192.757813174,6717972.148973484,0.7275652660097551,0.7394443423091192,-0.3323546040515508,-2535429.9800000004,-1672659.9750000015,0.18166926899825955,258.0,259.25,139.0,36982.40503597122,146.0,6358517.91,42390.1194,7132216.53,0.49999999999999994,0.8660254037844387,0.23931566428755774,0.970941817426052
2024-01-15,5711745.78,167,1.0,0.0,5422679.72,5140554.3,7745614.25,6733690.92,6322243.54,5659652.61,6496208.137499999,1407497.5394499595,6814217.125,1018191.4135972975,6700275.083333333,834533.9298207628,6110587.542687904,6518696.390669871,0.834745378414994,0.7957891010113652,-0.2999032039324706,282125.4199999999,-1277595.3633333333,0.21666447713167344,258.0,258.5,145.0,37397.79117241379,145.75,5346041.59,33000.25672839506,6734387.71,0.49999999999999994,0.8660254037844387,0.3546048870425356,0.9350162426854148
2024-01-22,5224227.31,167,0.0,0.0,5711745.78,5422679.72,7675984.28,7118227.47,6697977.36,4884501.14,5987741.02,1149399.5952583428,6686473.9825,1091225.2874813334,6649400.2700000005,877192.7877898712,5951050.837612743,6394550.142874506,0.9539066170233262,0.8542238846586285,-0.2558940232743676,289066.0600000005,-937654.4900000002,0.19195880239629048,259.0,258.5,152.0,37577.27486842105,146.5,5594709.85,33501.25658682635,6337434.050000001,0.49999999999999994,0.8660254037844387,0.4647231720437685,0.8854560256532099
2024-01-29,5765642.97,151,1.0,1.0,5224227.31,5711745.78,5140554.3,6977458.24,6345079.46,5380033.61,5374801.7775,253881.9339619402,6449723.9625,1185553.4016881199,6526587.765833333,968217.7795283205,5660321.426567646,6214500.476278428,0.9719851124314323,0.809992387329243,0.01627704039620781,-487518.47000000067,-1302360.4558333335,0.047235590161620655,259.0,258.5,135.0,38697.98007407407,142.75,5508870.58,32987.248982035926,5702034.9825,0.49999999999999994,0.8660254037844387,0.5680647467311558,0.8229838658936564
2024-02-05,5438424.95,166,1.0,3.0,5765642.97,5224227.31,5422679.72,7699527.82,6524263.64,5678801.34,5531073.944999999,254013.84796626275,6298247.05375,1185908.8969680343,6478301.391666667,992243.3345523691,5702450.043940587,6145445.475312516,1.0424093091744049,0.9154361397378202,0.06324608269507026,541415.6600000001,-712658.4216666669,0.04592486929159339,259.0,258.75,149.0,38695.59040268456,145.25,4953814.48,32806.718410596026,5350859.125,0.8660254037844386,0.5000000000000001,0.6631226582407952,0.7485107481711011
2024-02-12,5840040.49,154,1.0,0.0,5438424.95,5765642.97,5711745.78,7745614.25,6733690.92,5139349.87,5535010.2524999995,251887.31281408627,6015609.194999999,1067794.280213733,6387814.834166666,1036207.7654603089,5596840.006364352,6036673.086802898,0.9825501131716288,0.9040522370569322,-0.04785241509820837,-327218.01999999955,-949389.8841666654,0.04550801196805666,257.0,258.5,140.0,38845.8925,144.0,5822605.44,35075.93638554217,5470000.0875,0.8660254037844386,0.5000000000000001,0.7485107481711011,0.6631226582407953
2024-02-19,5647483.94,156,0.0,0.0,5840040.49,5438424.95,5224227.31,7675984.28,7118227.47,5617896.05,5567083.93,287538.2705109075,5777412.475,807579.9681322918,6313343.965,1041191.0752212966,5694120.199818611,6006421.918063991,1.0490304373765746,1.0108401495082797,0.11787641376577107,401615.54000000004,-473303.4749999996,0.05164970999654168,258.0,258.25,149.0,39194.90261744967,143.25,5425855.28,35232.826493506494,5427786.445,0.8660254037844386,0.5000000000000001,0.8229838658936564,0.5680647467311559
2024-02-26,5525041.72,162,1.0,1.0,5647483.94,5840040.49,5765642.97,5140554.3,6977458.24,5630444.18,5672898.0875,175272.86065413218,5523849.932499999,257252.69852634773,6190782.004166666,1024257.7051290029,5675465.695891167,5951200.69066953,0.9955200768446733,1.0223818548676695,-0.02049364322675007,-192556.5499999998,-543298.064166666,0.030896529066922387,258.0,258.0,137.0,41222.51051094891,143.75,5367501.31,34407.059679487174,5392444.1275,0.8660254037844386,0.5000000000000001,0.8854560256532099,0.4647231720437686
2024-03-04,5654002.13,150,0.0,2.0,5525041.72,5647483.94,5438424.95,5422679.72,7699527.82,6255111.35,5612747.775,174116.22445042658,5571910.859999999,206279.87670714653,6069747.294166666,1008540.8057421575,5615296.105534701,5885637.772104987,0.9843737758196339,0.9915883184103919,0.015926811677340336,-122442.22000000067,-544705.5741666667,0.03102156580524885,258.0,257.75,138.0,40036.53420289855,141.0,5721697.15,35319.11820987654,5584414.795,1.0,6.123233995736766e-17,0.9350162426854148,0.35460488704253557
2024-03-11,5569936.22,150,1.0,1.0,5654002.13,5525041.72,5840040.49,5711745.78,7745614.25,6194561.1,5666642.069999999,129928.79230167007,5600826.16125,198436.74740102937,5899286.82,871606.5795895807,5630778.515320821,5850001.51947345,0.9977694126708802,1.0094943080215388,-0.03185566269935236,128960.41000000015,-245284.6900000004,0.022928709930265648,256.0,257.5,132.0,42833.34946969697,139.0,5467484.91,36449.8994,5495634.6625,1.0,6.123233995736766e-17,0.970941817426052,0.23931566428755804
2024-03-18,5809054.74,152,6.0,1.0,5569936.22,5654002.13,5647483.94,5224227.31,7675984.28,6174023.51,5599116.0024999995,62424.36331160832,5583099.96625,193382.40493424138,5717980.3175,650996.4802437235,5606441.597192492,5806914.550323688,0.9947885018836954,0.9976422155559501,-0.013731375037783766,-84065.91000000015,-148044.09750000015,0.011148967673421288,256.0,257.0,132.0,42196.48651515151,134.75,5545030.31,36966.86873333333,5525428.42,1.0,6.123233995736766e-17,0.992708874098054,0.120536680255323
2024-03-25,5650199.85,160,0.0,3.0,5809054.74,5569936.22,5525041.72,5765642.97,5140554.3,6230164.67,5639508.7025,125031.91416129116,5656203.3950000005,142071.59552417666,5562402.855833333,222756.17826574502,5687486.854315495,5807243.810273889,1.0300639730238985,1.0270236648729991,0.05140468332970349,239118.52000000048,246651.88416666724,0.022170710385793782,261.0,257.75,138.0,42094.5995652174,135.0,5775279.36,37995.25894736842,5627372.9325,1.0,6.123233995736766e-17,1.0,-1.6081226496766366e-16
2024-04-01,6526911.87,131,1.0,2.0,5650199.85,5809054.74,5654002.13,5438424.95,5422679.72,6642443.87,5670798.234999999,99990.68265334684,5641773.005,135057.3954792474,5604873.318333334,179375.3531305063,5672572.052589297,5783083.201000983,0.9963676392376531,1.001493651905621,-0.0006724935563475753,-158854.8900000006,45326.53166666534,0.017632558682163527,258.0,257.75,133.0,42482.70563909775,133.75,5832736.56,36454.6035,5655132.785,0.8660254037844387,-0.4999999999999998,0.992708874098054,-0.12053668025532288
2024-04-08,5738564.29,158,0.0,0.0,6526911.87,5650199.85,5569936.22,5840040.49,5711745.78,6046374.28,5889025.67,436711.1948780625,5777833.87,321092.64517543366,5696892.664166667,311780.88952637295,6014307.979553578,5897518.380846986,1.1083177822181238,1.1296468567380253,0.17181088116660703,876712.0200000005,830019.2058333335,0.07415678235242988,257.0,258.0,151.0,43224.5819205298,138.5,4907593.77,37462.54786259541,5515160.0,0.8660254037844387,-0.4999999999999998,0.9709418174260521,-0.2393156642875575
2024-04-15,6086394.83,155,0.0,1.0,5738564.29,6526911.87,5809054.74,5647483.94,5224227.31,6777950.0200000005,5931182.6875,402434.9622268988,5765149.345,320287.51959228405,5699127.54,311993.0837115362,5904010.503732147,5873063.905332064,0.9675244537812089,0.9953886615230434,-0.01213458181321947,-788347.5800000001,39436.75,0.06785071096781974,257.0,258.25,130.0,44142.80223076923,138.0,6295081.43,39842.28753164557,5702672.779999999,0.8660254037844387,-0.4999999999999998,0.9350162426854148,-0.35460488704253545
2024-04-22,6501324.75,156,2.0,1.0,6086394.83,5738564.29,5650199.85,5525041.72,5765642.97,6322243.54,6000517.71,398249.4564575797,5820013.206250001,334527.7768469304,5770974.833333333,291272.73221628764,5976964.234239288,5905884.04758867,1.014311618455335,1.0457699345877665,0.07719992063643555,347830.54000000004,315419.99666666705,0.0663691827446635,256.0,257.0,141.0,43165.920780141845,138.75,6385259.75,41195.22419354838,5855167.8774999995,0.8660254037844387,-0.4999999999999998,0.8854560256532099,-0.4647231720437685
2024-04-29,6523384.34,160,2.0,0.0,6501324.75,6086394.83,6526911.87,5654002.13,5438424.95,6697977.36,6213298.9350000005,375406.2591090954,5942048.585000001,385708.625591222,5832281.648333333,359484.24103571044,6186708.440543573,5997490.309498105,1.0463563427437117,1.0941217758487916,-0.003920249041144186,414929.9199999999,669043.1016666666,0.06041979679979704,257.0,256.75,153.0,42492.31862745098,143.75,5903311.59,37841.74096153846,5872811.635,0.8660254037844387,-0.4999999999999998,0.8229838658936565,-0.5680647467311557
2024-05-06,6221591.27,167,2.0,1.0,6523384.34,6501324.75,5738564.29,5569936.22,5840040.49,6345079.46,6212417.0525,374426.8298179587,6050721.36125,414367.0437130744,5922694.930833333,386819.57349895104,6321378.800326144,6078397.083421474,1.0500557649095468,1.0781167980692394,0.13676243923373388,22059.58999999985,600689.4091666667,0.06027071696148956,259.0,257.25,151.0,43201.22079470199,143.75,6069643.66,37935.272875,6163324.1075,0.49999999999999994,-0.8660254037844387,0.7485107481711013,-0.663122658240795
2024-05-13,6093299.61,154,0.0,0.0,6221591.27,6523384.34,6086394.83,5809054.74,5647483.94,6524263.64,6333173.7975,214324.76334483406,6132178.2425,367785.01368797274,5954490.829166667,395002.7297982653,6281463.788195686,6100426.958279709,0.9823812623705278,1.0145809570374698,0.022212893474083062,-301793.0700000003,267100.44083333295,0.0338416045726454,260.0,258.0,141.0,44124.76078014184,146.5,6198436.48,37116.38610778443,6139162.870000001,0.49999999999999994,-0.8660254037844387,0.6631226582407952,-0.7485107481711012
2024-05-20,6109777.95,164,1.0,0.0,6093299.61,6221591.27,6501324.75,5650199.85,5525041.72,6733690.92,6334899.9925,211686.2147772534,6167708.85125,345142.63531520613,5991642.135000001,384323.5776090103,6206198.116917412,6099330.443159754,0.9618620052745845,0.9879356754599531,-0.062760307428113,-128291.65999999922,101657.47499999963,0.03341587318313982,260.0,259.0,134.0,45472.385149253736,144.75,6109492.73,39672.03071428571,6070221.115,0.49999999999999994,-0.8660254037844387,0.5680647467311558,-0.8229838658936564
2024-05-27,5849172.3,151,2.0,0.0,6109777.95,6093299.61,6523384.34,6526911.87,5654002.13,7118227.47,6237013.2925,199239.11140724068,6225156.11375,278517.24496011174,6040370.154166666,355795.8838553797,6167630.050150447,6100937.7519044075,0.9795999564963248,0.9814658200305765,-0.063403651914828,16478.33999999985,69407.79583333433,0.03194463472553849,261.0,260.0,138.0,44273.75326086957,141.0,6241593.25,38058.49542682927,6154791.529999999,0.49999999999999994,-0.8660254037844387,0.46472317204376906,-0.8854560256532096
2024-06-03,6126415.85,169,0.0,0.0,5849172.3,6109777.95,6221591.27,5738564.29,5569936.22,6977458.24,6068460.2825,156908.10520804324,6140438.6675,276688.0441322734,6056634.335,340667.780990389,6040246.950090268,6062204.605457575,0.9638643128089057,0.9525658697575452,-0.059859118646345855,-260605.65000000037,-207462.03500000015,0.02585632893742899,263.0,261.0,135.0,43327.20222222222,137.0,5909489.96,39135.69509933775,6114753.105,1.2246467991473532e-16,-1.0,0.35460488704253584,-0.9350162426854147
2024-06-10,5887766.9,161,0.0,1.0,6126415.85,5849172.3,6093299.61,6086394.83,5809054.74,7699527.82,6044666.4275,131028.77389898316,6188920.1125,225446.8377009554,6103007.637499999,304330.63860457286,6074714.51005416,6072083.258464102,1.0135242239552018,0.9899006189506699,0.005434861588891948,277243.5499999998,23408.212500000373,0.021676758423404854,263.0,261.75,140.0,43760.11321428571,136.75,6564604.99,38843.81650887574,6206295.2325,1.2246467991473532e-16,-1.0,0.23931566428755768,-0.970941817426052
2024-06-17,6031176.06,146,0.0,0.0,5887766.9,6126415.85,6109777.95,6501324.75,5650199.85,7745614.25,5993283.25,145140.12808095792,6164091.62125,248145.7314997662,6109566.984166667,298205.6158112012,5999935.466032496,6043726.895623471,0.982394232743797,0.9551718666384839,-0.03633700795951178,-238648.94999999925,-221800.0841666665,0.024217131416399838,262.0,262.25,139.0,42358.03525179857,138.0,6105636.52,37923.20819875776,6205331.180000001,1.2246467991473532e-16,-1.0,0.12053668025532308,-0.992708874098054
2024-06-24,5969803.55,138,1.0,1.0,6031176.06,5887766.9,5849172.3,6523384.34,6526911.87,7675984.28,5973632.7775,128474.71344170326,6105323.034999999,209538.44443994082,6141315.001666666,263063.1130584033,6012431.703619497,6041795.997835245,1.0096328791278801,0.9878553559615213,0.031116156383357074,143409.15999999922,-110138.94166666642,0.02150696539727216,262.0,262.5,140.0,43079.829,138.5,5353977.28,36671.07726027397,5983427.1875,1.2246467991473532e-16,-1.0,-3.216245299353273e-16,-1.0
2024-07-01,5328865.08,158,0.0,2.0,5969803.55,6031176.06,6126415.85,6221591.27,5738564.29,5140554.3,6003790.59,100670.30990045654,6036125.43625,126845.42481889328,6094889.308333334,236660.72938017547,5995380.442171698,6030720.236629822,0.9943390697109574,0.9890125069549245,-0.02556344587676007,-61372.50999999978,-125085.75833333377,0.016767791679499027,262.0,262.25,146.0,40889.0654109589,141.25,5064291.16,36697.76202898551,5772127.487500001,-0.4999999999999997,-0.8660254037844388,-0.12053668025532283,-0.992708874098054
2024-07-08,5101427.06,152,0.0,2.0,5328865.08,5969803.55,5887766.9,6093299.61,6086394.83,5422679.72,5804402.8975,322422.71211519476,5924534.6625,261541.5734032388,6060747.7075,310707.275561039,5728774.297303019,5922742.520225234,0.9180729136316816,0.8994571529355113,-0.0949259421258678,-640938.4699999997,-731882.6274999995,0.055547955200364305,260.0,261.5,132.0,40370.19,139.25,6026680.45,38143.54715189873,5637646.3525,-0.4999999999999997,-0.8660254037844388,-0.23931566428755743,-0.9709418174260521
2024-07-15,5508836.55,154,0.0,0.0,5101427.06,5328865.08,6031176.06,6109777.95,6501324.75,5711745.78,5607817.9375,463505.51994783926,5800550.59375,378884.8459975033,5978667.06,415683.5181034258,5477835.402381811,5796386.295575198,0.9096991230557402,0.8794729013305573,-0.1541571644983616,-227438.02000000048,-877240.0,0.0826534536451932,258.0,260.5,123.0,41475.01674796748,135.25,5467594.86,35971.01881578947,5478135.9375,-0.4999999999999997,-0.8660254037844388,-0.3546048870425356,-0.9350162426854148
2024-07-22,5496264.04,144,0.0,4.0,5508836.55,5101427.06,5969803.55,5849172.3,6523384.34,5224227.31,5477233.06,368269.68167557544,5725432.91875,368241.04884363484,5895959.71,400704.40677905537,5490235.861429087,5752147.873179013,1.0057699735712908,0.9621694338535209,-0.07721644374713132,407409.4900000002,-387123.16000000015,0.06723644541712737,258.0,259.5,133.0,41419.823684210525,133.5,5529310.41,35904.61305194805,5521969.220000001,-0.4999999999999997,-0.8660254037844388,-0.46472317204376806,-0.8854560256532101
2024-07-29,5508829.9,144,0.0,0.0,5496264.04,5508836.55,5328865.08,6126415.85,6221591.27,5765642.97,5358848.182499999,190214.1328629811,5681319.3862499995,372414.74592805177,5810366.351666667,362364.02140921867,5492647.132857452,5712781.129613011,1.0256427972616857,0.9674273995759026,0.031413623255029055,-12572.509999999776,-314102.31166666653,0.0354953389954486,254.0,257.5,139.0,39541.46791366907,131.75,5168883.67,35895.02548611111,5548117.3475,-0.4999999999999997,-0.8660254037844388,-0.5680647467311556,-0.8229838658936566
2024-08-05,5998353.14,154,2.0,3.0,5508829.9,5496264.04,5101427.06,5887766.9,6093299.61,5438424.95,5403839.3875,201695.26854619468,5604121.1425,328375.7453658269,5750969.570833333,346917.2145779262,5499120.239714472,5681404.017364856,1.0194288736158335,0.9829962200892948,0.0798605635655214,12565.860000000335,-242139.67083333246,0.03732443806763579,254.0,256.0,130.0,42375.61461538462,131.25,5115242.16,35522.515,5320257.775,-0.8660254037844385,-0.5000000000000004,-0.663122658240795,-0.7485107481711013
2024-08-12,6538870.28,166,0.0,0.0,5998353.14,5508829.9,5508836.55,6031176.06,6109777.95,5840040.49,5628070.9075,246925.92134983276,5617944.422499999,343978.7573502098,5743057.364999999,339401.1611432934,5698813.399828684,5730165.420847185,1.0657920339998843,1.0677131507347162,0.08886024944777127,489523.2399999993,255295.77500000037,0.04387398904672254,253.0,254.75,144.0,41655.23013888889,136.5,5710511.92,37081.24623376624,5380987.04,-0.8660254037844385,-0.5000000000000004,-0.7485107481711011,-0.6631226582407952
2024-08-19,5683519.13,158,1.0,2.0,6538870.28,5998353.14,5496264.04,5969803.55,5849172.3,5647483.94,5885579.34,494305.4135541863,5681406.2,458783.26188655524,5778815.059166666,398932.1525764669,6034836.151897211,5854581.553024541,1.1109985784339118,1.1509246214431914,0.1896936232343016,540517.1400000006,760055.2208333341,0.0839858550873237,253.0,253.5,151.0,43303.77668874173,141.0,6535500.2700000005,39370.48355421687,5632534.505,-0.8660254037844385,-0.5000000000000004,-0.8229838658936564,-0.5680647467311559
2024-08-26,5700731.97,154,2.0,1.0,5683519.13,6538870.28,5508829.9,5328865.08,6126415.85,5525041.72,5932393.1125,452220.2022891627,5645620.6475,444001.47305984545,5765010.628333334,399142.2520403994,5894309.343138326,5828264.257174611,0.9580482989275266,1.0067128992304473,0.031710768560851754,-855351.1500000004,-81491.49833333399,0.0762289675875155,252.0,253.0,135.0,42100.1417037037,140.0,5746479.87,36370.12575949367,5776933.555000001,-0.8660254037844385,-0.5000000000000004,-0.8854560256532096,-0.4647231720437691
2024-09-02,5307825.9,150,0.0,0.0,5700731.97,5683519.13,5998353.14,5101427.06,5887766.9,5654002.13,5980368.629999999,399401.1445981218,5692104.00875,425168.6559297654,5729536.971666667,382679.2341640526,5816878.3938829955,5808643.905301594,0.9532408991316645,1.0015157771602095,-0.049617147082474,17212.83999999985,-28805.00166666694,0.06678537215825806,253.0,252.75,136.0,41917.14683823529,141.5,5808477.54,37717.386623376624,5950242.4,-1.0,-1.8369701987210297e-16,-0.9350162426854147,-0.3546048870425359
2024-09-09,6348494.84,151,0.0,1.0,5307825.9,5700731.97,6538870.28,5508836.55,6031176.06,5569936.22,5807736.82,520047.1570602269,5717903.8637500005,388922.3295267436,5681208.555,397223.6885639711,5613257.396329798,5731594.981409041,0.9139232827702409,0.9282817666190951,-0.1882656066393169,-392906.06999999937,-373382.65499999933,0.08954385730244348,253.0,252.75,122.0,43506.76967213115,136.0,5720756.71,38138.37806666666,5952803.5975,-1.0,-1.8369701987210297e-16,-0.970941817426052,-0.23931566428755774
2024-09-16,5921389.53,147,0.0,1.0,6348494.84,5307825.9,5683519.13,5496264.04,5969803.55,5809054.74,5760142.96,432107.06023824733,5822861.15,435009.2989129489,5707651.786666666,431704.4489737991,5907352.373797879,5826502.651961496,1.1021418885061838,1.0902706893500285,0.11700069882583475,1040668.9399999995,640843.0533333337,0.07501672497348005,252.0,252.5,143.0,44395.06881118881,134.0,5868369.54,38863.374437086095,5786020.915,-1.0,-1.8369701987210297e-16,-0.992708874098054,-0.12053668025532357
2024-09-23,6296318.04,150,1.0,0.0,5921389.53,6348494.84,5700731.97,5508829.9,5328865.08,5650199.85,5819610.5600000005,434408.86951391713,5876001.83625,414915.19617339695,5703617.285,429251.0383704873,5912967.236278728,5841100.63319819,1.0174889657908655,1.0077242477138106,0.03870688205676176,-427105.3099999996,217772.2450000001,0.07464569407783828,251.0,252.25,133.0,44521.72578947368,133.5,6052509.64,41173.53496598639,5862528.3575,-1.0,-1.8369701987210297e-16,-1.0,-1.8369701987210297e-16
2024-09-30,6419312.8,167,0.0,0.0,6296318.04,5921389.53,5307825.9,5998353.14,5101427.06,6526911.87,5968507.077500001,479781.34199172206,5974437.85375,408728.9748449151,5784238.364999999,443096.4250388572,6066307.557767237,5911134.080398468,1.054923443709362,1.0538762297189124,0.1862329621625305,374928.5099999998,512079.67500000075,0.08038548597862863,252.0,252.0,138.0,45625.49304347826,134.0,5511358.87,36742.39246666666,5788248.69,-1.0,-1.8369701987210297e-16,-0.992708874098054,0.1205366802553232
2024-10-07,6029257.94,146,1.0,0.0,6419312.8,6296318.04,6348494.84,6538870.28,5508836.55,5738564.29,6246378.8025,222445.354554176,6027057.81125,438276.90555670724,5894062.176666667,421256.98107527447,6207509.654660342,5989315.421875628,1.027685480334748,1.0650823338740543,0.011155078768245508,122994.75999999978,525250.6233333331,0.03561188995857028,252.0,251.75,139.0,46182.10647482015,138.25,6613240.43,39600.24209580838,6011369.62,-0.8660254037844386,0.5000000000000001,-0.9709418174260521,0.23931566428755738
2024-10-14,6541507.83,140,2.0,0.0,6029257.94,6419312.8,5921389.53,5683519.13,5496264.04,6086394.83,6166569.577500001,230710.16559443646,5963356.26875,387334.52999295504,5937430.6258333335,404445.87541432906,6136208.968796206,5995460.424663993,0.9777328973954968,1.0110511041567896,0.018216739407785676,-390054.8599999994,91827.31416666694,0.03741304832369524,253.0,252.0,130.0,46378.907230769226,135.0,6146419.63,42098.76458904109,6080882.1425,-0.8660254037844386,0.5000000000000001,-0.9350162426854148,0.35460488704253557
2024-10-21,6635079.45,163,1.0,1.0,6541507.83,6029257.94,6296318.04,5700731.97,5508829.9,6501324.75,6321599.1525,219096.86025650072,6070604.856249999,416469.61718372745,6024534.274999999,413255.1370517731,6298328.513277723,6079467.71779261,1.0347868746807576,1.0775710139106125,0.038941773341551134,512249.88999999966,516973.55500000063,0.03465845507933773,255.0,253.0,139.0,47061.20741007194,136.5,5573125.01,39808.03578571428,5961035.984999999,-0.8660254037844386,0.5000000000000001,-0.8854560256532101,0.464723172043768
2024-10-28,6874320.35,150,2.0,0.0,6635079.45,6541507.83,6419312.8,5307825.9,5998353.14,6523384.34,6406289.505,266427.75228813646,6187398.29125,428757.1003316561,6118388.404166666,413377.3456517031,6433028.887966635,6164946.445824516,1.0357133321591905,1.07235369983909,0.033612110318101296,93571.62000000011,516691.0458333343,0.04158846584753844,255.0,253.75,141.0,47057.301063829786,137.25,6766584.65,41512.78926380369,6274842.43,-0.8660254037844386,0.5000000000000001,-0.822983865893657,0.5680647467311548
2024-11-04,7413620.33,162,2.0,0.0,6874320.35,6635079.45,6029257.94,6348494.84,6538870.28,6221591.27,6520041.3925,355938.4495421622,6383210.0975,311288.74359133287,6191385.671666667,464442.0463129277,6609545.472779981,6274080.892620744,1.054336918459985,1.0769378173361932,0.1401602682137031,239240.89999999944,682934.6783333328,0.054591440163493134,257.0,255.0,145.0,47409.105862068966,138.75,6215733.37,41438.222466666666,6175465.665,-0.5000000000000004,0.8660254037844384,-0.7485107481711011,0.6631226582407952
2024-11-11,7419579.46,174,0.0,0.0,7413620.33,6874320.35,6541507.83,5921389.53,5683519.13,6093299.61,6866131.99,390971.71814664855,6516350.7837499995,477648.0073776921,6264281.509166666,578565.3830986884,6931175.415667988,6449394.652217552,1.0797375204550939,1.1376950959250913,0.13331979761614066,539299.9800000004,1149338.8208333338,0.05694206268042461,259.0,256.5,149.0,49755.8411409396,143.5,6942769.54,42856.60209876544,6374553.1425,-0.5000000000000004,0.8660254037844384,-0.6631226582407955,0.7485107481711007
2024-11-18,7105636.26,158,0.0,0.0,7419579.46,7413620.33,6635079.45,6296318.04,5700731.97,6109777.95,7085649.8975,394439.4601256382,6703624.525,504027.33025467204,6408953.203333333,634492.3921564952,7126537.033400793,6598653.853414851,1.0471275842485273,1.106801168879607,0.1182352096778585,5959.129999999888,1010626.2566666668,0.055667365143853155,259.0,257.5,151.0,49136.287814569536,146.5,7451439.57,42824.36534482759,6844131.782500001,-0.5000000000000004,0.8660254037844384,-0.5680647467311559,0.8229838658936564
2024-11-25,7944005.62,171,0.0,0.0,7105636.26,7419579.46,6874320.35,6419312.8,5307825.9,5849172.3,7203289.1,263803.7539402512,6804789.302499999,491665.5675510742,6526028.560833334,621413.1144449855,7118176.724040475,6676651.146735643,0.986443298520394,1.0442110613754747,0.03364927705180332,-313943.2000000002,579607.6991666658,0.03662268031700285,259.0,258.5,141.0,50394.58340425532,146.5,6815011.54,43132.98443037974,6856238.505,-0.5000000000000004,0.8660254037844384,-0.4647231720437684,0.88545602565321
2024-12-02,7761546.3,183,0.0,1.0,7944005.62,7105636.26,7413620.33,6029257.94,6348494.84,6126415.85,7470710.4174999995,347927.7425412343,6995375.905,603653.2675380973,6745710.204166667,617562.4938046443,7448508.282424284,6871628.758007083,1.0633534397734539,1.1356081113985539,0.0715420086801235,838369.3600000003,1198295.4158333335,0.04657224321347272,259.0,259.0,161.0,49341.6498136646,150.5,7116465.53,41616.75748538012,7081421.545,-2.4492935982947064e-16,1.0,-0.35460488704253595,0.9350162426854147
2024-12-09,6461699.75,164,3.0,0.0,7761546.3,7944005.62,7419579.46,6541507.83,5921389.53,5887766.9,7557691.91,371584.11089021125,7211911.95,511204.6212443092,6863464.492500001,667625.9043883173,7573723.489454571,7008539.149082917,1.0269731013684573,1.0762120161491988,0.04608978741229097,-182459.3200000003,898081.8074999992,0.049166348048475986,258.0,258.75,144.0,53899.62708333333,149.25,8263798.17,45157.36704918033,7411678.702500001,-2.4492935982947064e-16,1.0,-0.2393156642875578,0.970941817426052
2024-12-16,7670947.38,148,0.0,2.0,6461699.75,7761546.3,7105636.26,6635079.45,6296318.04,6031176.06,7318221.9825,675022.1318908097,7201935.9399999995,526700.1923271865,6908490.344166667,614413.9540200828,7128913.9936727425,6924410.010762468,0.8829603372857241,0.8972170543910726,-0.09062334271526584,-1299846.5499999998,-446790.5941666672,0.09223854284619738,261.0,259.25,124.0,52110.48185483871,142.5,7611785.11,46413.32384146342,7451765.0875,-2.4492935982947064e-16,1.0,-0.12053668025532363,0.992708874098054
2024-12-23,6512144.45,146,0.0,3.0,7670947.38,6461699.75,7944005.62,6874320.35,6419312.8,5969803.55,7459549.7625,674856.2777014124,7331419.43125,493733.48836448323,7023042.789166667,618037.0851978069,7345727.348203646,7039261.913722088,1.0283391926095486,1.0463113523832466,-0.03437286591446298,1209247.63,647904.5908333333,0.09046876811439629,259.0,259.25,143.0,53642.98867132867,143.0,6935745.96,46863.14837837838,7481948.692500001,-2.4492935982947064e-16,1.0,6.432490598706546e-16,1.0
2024-12-30,6206896.33,141,1.0,1.0,6512144.45,7670947.38,7761546.3,7413620.33,6029257.94,5328865.08,7101584.470000001,711012.3609820313,7286147.44375,554499.1053365079,7030778.760000001,610326.0898662049,7012294.188922187,6958166.9193033045,0.9169988018180962,0.8937706106381456,-0.16097331661862269,-1158802.9299999997,-518634.3100000005,0.10012024274098809,256.0,258.5,125.0,52097.1556,134.0,6735544.68,46133.86767123288,7386718.48,-2.4492935982947064e-16,1.0,0.12053668025532305,0.992708874098054
2025-01-06,5459152.57,157,0.0,0.0,6206896.33,6512144.45,6461699.75,7419579.46,6541507.83,5101427.06,6712921.9775,652507.6885631768,7135306.94375,667489.4951567831,7045581.959166667,585474.6314500661,6690135.045353312,6842586.828641258,0.924619167451064,0.8698849788707101,-0.03943287832276643,-305248.1200000001,-838685.6291666673,0.09720173878829753,256.0,258.0,146.0,42512.98856164383,134.5,6413667.13,45487.00092198582,6924185.72,0.49999999999999994,0.8660254037844387,0.23931566428755774,0.970941817426052
2025-01-13,5578671.27,155,0.0,0.0,5459152.57,6206896.33,7670947.38,7105636.26,6635079.45,5508836.55,6462285.1825,919211.3936165652,6890253.5825,875627.8568040947,6955385.6875,734576.5047620838,6197742.055211987,6629750.788850295,0.8447712250123991,0.7923006758220427,-0.28833398280982603,-747743.7599999998,-1496233.1174999997,0.14224246805229337,256.0,256.75,143.0,38175.8920979021,139.25,5848394.49,37250.92031847134,6483338.0649999995,0.49999999999999994,0.8660254037844387,0.3546048870425356,0.9350162426854148
2025-01-20,5397441.19,176,0.0,0.0,5578671.27,5459152.57,6512144.45,7944005.62,6874320.35,5496264.04,5939216.155,503439.22739570687,6699382.95875,981942.2960853339,6867351.6725,833141.6829654753,5950113.741127192,6468046.247488711,0.9392941971481419,0.8327141923889797,-0.1433434388882453,119518.69999999925,-1288680.4025000008,0.08476526434753187,256.0,256.0,145.0,38473.59496551724,139.75,5160794.01,33295.44522580645,6039600.0775,0.49999999999999994,0.8660254037844387,0.4647231720437685,0.8854560256532099
2025-01-27,5433777.86,159,2.0,1.0,5397441.19,5578671.27,6206896.33,7761546.3,7413620.33,5508829.9,5660540.340000001,371925.44462021743,6381062.404999999,932340.9638945326,6744278.409166667,934889.3774699217,5729044.720676316,6303337.7771058325,0.953520488469834,0.8458530644945167,-0.13041222165861432,-181230.07999999914,-1346837.2191666663,0.0657049366810479,256.0,256.0,137.0,39397.38094890511,142.75,6034332.75,34285.98153409091,5864297.095000001,0.49999999999999994,0.8660254037844387,0.5680647467311558,0.8229838658936564
2025-02-03,5543374.36,146,2.0,2.0,5433777.86,5397441.19,5459152.57,6461699.75,7419579.46,5998353.14,5467260.7225,78472.75839618896,6090091.35,792745.383078815,6579291.536666666,979654.1455757079,5610937.97640579,6169559.32832032,0.9938757516424626,0.8922325705344306,-0.004648104202004344,36336.669999999925,-1145513.6766666658,0.014353213131622142,257.0,256.25,138.0,39375.20188405798,140.75,5374096.96,33799.35194968554,5604404.5525,0.8660254037844386,0.5000000000000001,0.6631226582407952,0.7485107481711011
2025-02-10,6103758.12,166,2.0,0.0,5543374.36,5433777.86,5578671.27,7670947.38,7105636.26,6538870.28,5488316.17,86464.13057782495,5975300.6762500005,797720.6967992969,6422941.111666667,983067.547499865,5583912.529843474,6073223.179347963,1.010031891074526,0.9277147143462127,-0.006327117747520372,109596.5,-879566.7516666669,0.01575421821549777,257.0,256.5,135.0,41062.0322962963,138.75,5026657.84,34429.16328767123,5398970.390000001,0.8660254037844386,0.5000000000000001,0.7485107481711011,0.6631226582407953
2025-02-17,6482365.56,171,3.0,3.0,6103758.12,5543374.36,5397441.19,6512144.45,7944005.62,5683519.13,5619587.8825,328686.1914464927,5779402.01875,429082.32136365905,6339451.266666667,962137.6908839887,5791850.765906084,6077920.8625252,1.0861576057930793,1.056122778826892,0.1308614406598101,560383.7599999998,-235693.1466666665,0.05848937650215539,259.0,257.25,146.0,41806.56246575343,139.0,5960189.62,35904.75674698795,5598819.2924999995,0.8660254037844386,0.5000000000000001,0.8229838658936564,0.5680647467311559
2025-02-24,6070293.78,164,0.0,0.0,6482365.56,6103758.12,5433777.86,6206896.33,7761546.3,5700731.97,5890818.975,491553.58575013146,5775679.657500001,421886.3915345252,6217647.928333334,822998.7010982564,6068056.68354365,6140143.1236751685,1.1004183947105588,1.1223554532811273,0.1929758129641317,378607.4399999995,264717.6316666659,0.08344401480273488,259.0,258.0,160.0,40514.78475,144.75,6432939.11,37619.52695906433,5698470.8825,0.8660254037844386,0.5000000000000001,0.8854560256532099,0.4647231720437686
2025-03-03,5441937.89,177,1.0,0.0,6070293.78,6482365.56,5543374.36,5459152.57,6461699.75,5307825.9,6049947.955,385966.8719451719,5758604.338750001,404339.67721376405,6076710.218333334,664032.1246267254,6068951.52212619,6129397.070802066,1.0033629752109166,1.054125865038621,0.09505391225282489,-412071.77999999933,-6416.43833333347,0.06379672599103738,259.0,258.5,143.0,42449.606853146855,146.0,5661165.13,34519.299573170734,5770237.925,1.0,6.123233995736766e-17,0.9350162426854148,0.35460488704253557
2025-03-10,6245480.74,129,1.0,0.0,5441937.89,6070293.78,6103758.12,5578671.27,7670947.38,6348494.84,6024588.8375,431044.6115140859,5756452.503749999,406202.4929217326,5991730.063333333,675438.2238287312,5818146.069275714,6023634.11990944,0.9032878486456545,0.9453631184231762,-0.10842831858481317,-628355.8900000006,-549792.1733333329,0.07154755671143108,260.0,259.25,129.0,42185.56503875969,144.5,6491310.82,36674.07242937853,6136401.17,1.0,6.123233995736766e-17,0.970941817426052,0.23931566428755804
2025-03-17,6092205.35,155,1.0,1.0,6245480.74,5441937.89,6482365.56,5397441.19,6512144.45,5921389.53,6060019.4925,445309.81851200224,5839803.6875,432098.92169448035,5872941.176666667,436272.8244060481,5989079.937565429,6057764.369154142,1.0306040678135657,1.069467583879291,-0.03654295917245365,803542.8500000006,372539.56333333347,0.07348323203632043,261.0,259.75,141.0,44294.18964539007,143.25,5152659.29,39943.09527131783,5934518.5875,1.0,6.123233995736766e-17,0.992708874098054,0.120536680255323
2025-03-24,5899028.3,175,3.0,0.0,6092205.35,6245480.74,6070293.78,5433777.86,6206896.33,6296318.04,5962479.44,355671.1893088242,5926649.2075000005,399043.71622175985,5837946.251666666,395252.96459424886,6030330.102539258,6063062.981591966,1.021757041060757,1.0279341895738476,0.003609639136773257,-153275.3900000006,254259.09833333362,0.05965155819620305,261.0,260.25,146.0,41727.43390410959,139.75,5949958.15,38386.82677419355,5813773.3475,1.0,6.123233995736766e-17,1.0,-1.6081226496766366e-16
2025-03-31,6183695.46,138,1.0,0.0,5899028.3,6092205.35,5441937.89,5543374.36,5459152.57,6419312.8,5919663.07,348604.42424559855,5984805.512499999,347528.9741357959,5812290.5825,378775.8106690213,5977809.381523555,6037826.876731663,0.9965141985690749,0.9856675020899437,0.08399405124412396,-193177.0499999998,86737.71750000026,0.0588892340870337,264.0,261.5,138.0,42746.58188405797,138.5,6662927.6,38073.872,6064213.965,1.0,6.123233995736766e-17,0.992708874098054,-0.12053668025532288
2025-04-07,6355167.63,162,0.0,1.0,6183695.46,5899028.3,6245480.74,6103758.12,5578671.27,6029257.94,6105102.462499999,151124.46968291036,6064845.649999999,302106.668715843,5872669.156666666,375096.4146074814,6060163.812914133,6060268.197234483,1.0128733298061336,1.0195965102590865,-0.009892798100278877,284667.16000000015,311026.3033333337,0.024753797436026303,265.0,262.75,139.0,44487.01769784173,141.0,5159189.6,37385.431884057965,5731183.66,0.8660254037844387,-0.4999999999999998,0.9709418174260521,-0.2393156642875575
2025-04-14,6609298.35,176,0.0,3.0,6355167.63,6183695.46,6092205.35,6482365.56,5397441.19,6541507.83,6132524.1850000005,190030.2956147528,6096271.83875,319318.6728943158,5937377.186666667,386569.4095516268,6178165.339748479,6105637.34073687,1.036305351317583,1.0424678882598983,0.04316372559569093,171472.16999999993,417790.4433333324,0.030987288412096622,264.0,263.5,143.0,44441.73167832168,141.5,6351661.82,39207.78901234568,6030934.2925,0.8660254037844387,-0.4999999999999998,0.9350162426854148,-0.35460488704253545
2025-04-21,6999607.92,180,0.0,1.0,6609298.35,6355167.63,5899028.3,6070293.78,5433777.86,6635079.45,6261797.435,298427.122900345,6112138.4375,343483.156589007,6038365.283333334,390961.4040042312,6350618.543849087,6183123.649854274,1.05549539387168,1.0813397663655258,0.12040458426008915,254130.71999999974,570933.0666666655,0.04765838020123451,261.0,263.5,150.0,44061.989,142.5,6656782.36,37822.62704545455,6207640.345000001,0.8660254037844387,-0.4999999999999998,0.8854560256532099,-0.4647231720437685
2025-04-28,6191128.75,151,0.0,0.0,6999607.92,6609298.35,6183695.46,5441937.89,5543374.36,6874320.35,6536942.34,354551.469947213,6228302.704999999,463490.2931144906,6168851.121666666,430169.292219722,6610214.294309452,6308736.614492077,1.0707770630266873,1.1238387489389055,0.1319457701754283,390309.5700000003,830756.7983333338,0.05423812105205337,260.0,262.5,158.0,44301.31594936709,147.5,6944196.84,38578.87133333333,6277957.655,0.8660254037844387,-0.4999999999999998,0.8229838658936565,-0.5680647467311557
2025-05-05,6574280.74,156,0.0,0.0,6191128.75,6999607.92,6355167.63,6245480.74,6103758.12,7413620.33,6538800.6625,352093.7857418513,6321951.5625,341554.0482750297,6222830.654166666,382552.6052773186,6442580.076585671,6290643.096877911,0.9468294064240409,0.9793065778491561,-0.025811888773105363,-808479.1699999999,-31701.90416666586,0.053846844997295605,260.0,261.25,138.0,44863.2518115942,147.25,6115742.44,40501.60556291391,6517095.865,0.49999999999999994,-0.8660254037844387,0.7485107481711013,-0.663122658240795
2025-05-12,6416341.43,154,0.0,0.0,6574280.74,6191128.75,6609298.35,6092205.35,6482365.56,7419579.46,6593578.9399999995,330376.15350025846,6363051.5625,350697.8191254521,6262040.8725,393203.7470490471,6495260.341951402,6334279.657358232,0.9970731828380902,1.0331962071068004,-0.0052982341158800406,383151.9900000002,312239.86750000063,0.050105740221904206,260.0,260.25,147.0,44722.99823129252,148.25,6501725.28,41677.72615384615,6554611.73,0.49999999999999994,-0.8660254037844387,0.6631226582407952,-0.7485107481711012
2025-05-19,6138064.2,152,2.0,1.0,6416341.43,6574280.74,6999607.92,5899028.3,6070293.78,7105636.26,6545339.71,341224.8282590033,6403568.5725,333224.89975847024,6256538.861666665,390291.67208312266,6463692.777170841,6346904.545456965,0.9802915836739664,1.001994646790362,-0.08332845163133085,-157939.31000000052,159802.5683333343,0.052132485612271344,260.0,260.0,143.0,44869.52048951049,146.5,6120415.9,39742.9603896104,6420520.115,0.49999999999999994,-0.8660254037844387,0.5680647467311558,-0.8229838658936564
2025-05-26,5667834.51,147,1.0,0.0,6138064.2,6416341.43,6191128.75,6183695.46,5441937.89,7944005.62,6329953.78,202692.28674886472,6433448.0600000005,289349.3320709779,6262186.396666667,387834.2853081046,6333441.346302504,6314775.26154051,0.9696854690145936,0.9540862291503446,-0.008571062263888485,-278277.2299999995,-124122.19666666724,0.032021132190457276,261.0,260.25,134.0,45806.44925373134,140.5,6101221.78,40139.61697368421,6209776.35,0.49999999999999994,-0.8660254037844387,0.46472317204376906,-0.8854560256532096
2025-06-02,6283432.73,164,0.0,0.0,5667834.51,6138064.2,6574280.74,6355167.63,6245480.74,7761546.3,6199130.22,397459.7726684587,6368965.44125,392170.6868843523,6281011.115000001,347819.6860072903,6067198.611781502,6215245.915149662,0.9142951202596289,0.889914470769621,-0.1378776273554756,-470229.6900000004,-613176.6050000014,0.06411540951118441,262.0,260.75,125.0,45342.67608,137.25,5997635.69,40800.24278911565,6180249.662500001,1.2246467991473532e-16,-1.0,0.35460488704253584,-0.9350162426854147
2025-06-09,6414336.95,154,0.0,0.0,6283432.73,5667834.51,6416341.43,6609298.35,6092205.35,6461699.75,6126418.2175,326161.34656269813,6359998.578749999,393349.564940678,6284173.780833333,347639.743115275,6153692.259068901,6225736.194357406,1.0256290881434589,0.9879613418459211,-0.020714094075258593,615598.2200000007,-741.0508333323523,0.05323850494421427,262.0,261.25,149.0,42170.68946308725,137.75,6267253.67,38214.96140243903,6121631.760000001,1.2246467991473532e-16,-1.0,0.23931566428755768,-0.970941817426052
2025-06-16,6131882.59,162,1.0,1.0,6414336.95,6283432.73,6138064.2,6999607.92,5899028.3,7670947.38,6125917.0975,325568.42336025496,6335628.4037500005,381560.3679782149,6311018.080833334,343885.61467531597,6257950.1354413405,6254751.695225498,1.047081905926821,1.0124231632971739,0.045009752423247784,130904.21999999974,103318.86916666664,0.0531460707316983,262.0,261.75,146.0,43933.8147260274,138.5,5806944.48,37707.43168831169,6043263.905,1.2246467991473532e-16,-1.0,0.12053668025532308,-0.992708874098054
2025-06-23,5858067.78,155,1.0,0.0,6131882.59,6414336.95,5667834.51,6191128.75,6183695.46,6512144.45,6124371.695,325506.2092566595,6227162.737500001,274029.02699799795,6330422.605,324550.8775991558,6207523.1172648035,6235848.755960036,1.001226394375464,0.984699268107091,0.0818739642417683,-282454.36000000034,-198540.0150000006,0.05314932297829116,262.0,262.0,142.0,43182.27176056338,140.5,6116698.72,37757.39950617284,6047133.140000001,1.2246467991473532e-16,-1.0,-3.216245299353273e-16,-1.0
2025-06-30,5713631.0,160,1.0,1.0,5858067.78,6131882.59,6283432.73,6574280.74,6355167.63,6206896.33,6171930.0125,238961.13798189038,6185530.11625,303952.4849243677,6303286.965,350508.73465664376,6067740.982358882,6177728.605812338,0.949146825731281,0.9470599398764993,-0.0676962686286291,-273814.8099999996,-445219.1849999996,0.03871740889769047,263.0,262.25,137.0,42759.6188321168,143.5,6038300.29,38956.77606451613,6057299.29,1.2246467991473532e-16,-1.0,-0.12053668025532283,-0.992708874098054
2025-07-07,6251043.49,162,0.0,1.0,5713631.0,5858067.78,6414336.95,6416341.43,6609298.35,5459152.57,6029479.58,309700.87846589496,6077948.89875,298970.08288530423,6249825.579166667,388718.7836204758,5926096.989415329,6106328.974148901,0.9476159466485828,0.9400590717659825,-0.10924058955150462,-144436.78000000026,-536194.5791666666,0.05136444602834113,263.0,262.5,139.0,41105.25899280576,141.0,6060866.98,37880.418625,6005702.6175,-0.4999999999999997,-0.8660254037844388,-0.23931566428755743,-0.9709418174260521
2025-07-14,5791900.5,148,0.0,0.0,6251043.49,5713631.0,6131882.59,6138064.2,6999607.92,5578671.27,5988656.215,246341.96070984934,6057286.65625,277158.6908552848,6219971.007499999,371998.34861273307,6056075.589649198,6128592.745818301,1.0438140486913892,1.0319873971211315,0.019433004179553404,537412.4900000002,31072.482500000857,0.04113476410498033,262.0,262.5,150.0,41673.62326666667,142.0,6052284.32,37359.77975308642,6067037.5775,-0.4999999999999997,-0.8660254037844388,-0.3546048870425356,-0.9350162426854148
2025-07-21,5679892.2700000005,154,0.0,1.0,5791900.5,6251043.49,5858067.78,5667834.51,6191128.75,5397441.19,5903660.6925,238994.5231788429,6014016.19375,289493.3298939106,6119328.7225,297882.6331986719,5950405.553789519,6076793.938769331,0.9810693401397578,0.9630669944020386,-0.011295069037251748,-459142.9900000002,-327428.22250000015,0.0404824287212951,262.0,262.5,139.0,41668.34892086331,141.25,5714954.2700000005,38614.55587837838,5966601.465,-0.4999999999999997,-0.8660254037844388,-0.46472317204376806,-0.8854560256532101
2025-07-28,5805020.89,147,0.0,1.0,5679892.2700000005,5791900.5,5713631.0,6283432.73,6574280.74,5433777.86,5859116.8149999995,265463.187325734,6015523.41375,287457.7188617821,6076725.682500001,322242.6553793107,5842200.240273711,6015732.14357405,0.9694109964591995,0.9442058287092974,-0.005904954310140043,-112008.22999999952,-396833.41250000056,0.04530771372335816,261.0,262.0,136.0,41763.91375000001,141.0,5724385.18,37171.33233766234,5888122.6875,-0.4999999999999997,-0.8660254037844388,-0.5680647467311556,-0.8229838658936566
2025-08-04,6048315.66,164,1.0,0.0,5805020.89,5679892.2700000005,6251043.49,6414336.95,6416341.43,5543374.36,5881964.2875,252378.24141042185,5955721.933750001,273169.1667453848,6012620.695,289072.605594973,5827328.500164227,5983315.02763958,0.9869187581326334,0.9746964271625904,-0.07135170323379092,125128.61999999918,-207599.80500000063,0.04290713596251529,260.0,261.25,133.0,43646.77360902255,139.5,5457036.43,37122.69680272109,5737165.050000001,-0.8660254037844385,-0.5000000000000004,-0.663122658240795,-0.7485107481711013
2025-08-11,6018333.22,149,0.0,1.0,6048315.66,5805020.89,5791900.5,6131882.59,6138064.2,6103758.12,5831282.33,155202.0278676816,5909969.2725,208343.52557453135,5981951.880833334,260452.31094960208,5915723.364098536,5993315.124925799,1.0372187998655864,1.0234089859221007,0.04427133373579184,243294.77000000048,66363.77916666586,0.026615419917025627,261.0,261.0,143.0,42295.91370629371,137.75,6359598.44,38778.03926829268,5813993.58,-0.8660254037844385,-0.5000000000000004,-0.7485107481711011,-0.6631226582407952
2025-08-18,6250046.28,162,1.0,1.0,6018333.22,6048315.66,5679892.2700000005,5858067.78,5667834.51,6482365.56,5887890.51,175956.59607482352,5895775.60125,194471.70736098525,5971974.299166667,256186.6132834094,5956767.306459121,5997164.062629523,1.0221544048379392,1.0207873615006675,0.05958580443287165,-29982.44000000041,46358.920833332464,0.029884488472735463,260.0,260.5,143.0,42086.24629370629,138.75,5927037.1,39778.77248322147,5867014.2875,-0.8660254037844385,-0.5000000000000004,-0.8229838658936564,-0.5680647467311559
2025-08-25,7041757.61,154,0.0,0.0,6250046.28,6018333.22,5805020.89,5713631.0,6283432.73,6070293.78,6030429.012499999,182123.40708810856,5944772.91375,229787.06159276832,6020491.946666666,248362.42923761005,6074078.895875473,6036069.019148057,1.0364181830255814,1.051351560552282,0.07666215133982068,231713.06000000052,229554.33333333395,0.030200738075284422,260.0,260.25,149.0,41946.619328859066,142.0,5989506.51,36972.262407407405,5933294.619999999,-0.8660254037844385,-0.5000000000000004,-0.8854560256532096,-0.4647231720437691
2025-09-01,6467512.11,180,1.0,1.0,7041757.61,6250046.28,6048315.66,6251043.49,6414336.95,5441937.89,6339613.192500001,479271.7002603695,6110788.74,430792.20359025616,6083685.6866666665,381914.69455487217,6461150.381525284,6190790.3408175865,1.1107550880755095,1.1523483971727029,0.16425100901562395,791711.3300000001,958071.9233333338,0.07559951777931276,260.0,260.25,158.0,44568.086139240506,148.25,5649109.35,36682.528246753245,5981312.85,-1.0,-1.8369701987210297e-16,-0.9350162426854147,-0.3546048870425359
2025-09-08,6744548.69,166,1.0,1.0,6467512.11,7041757.61,6018333.22,5791900.5,6131882.59,6245480.74,6444412.305000001,438435.30603930197,6137847.3175,447340.7607494144,6088116.949999999,386382.28893798625,6463695.07291517,6233362.920691804,1.00358447037631,1.0537101650541343,0.07463509805460733,-574245.5,379395.1600000011,0.06803340402337928,260.0,260.0,148.0,43699.40614864865,149.5,6911595.85,38397.75472222222,6119312.2025,-1.0,-1.8369701987210297e-16,-0.970941817426052,-0.23931566428755774
2025-09-15,6493583.63,169,1.0,1.0,6744548.69,6467512.11,6250046.28,5679892.2700000005,5858067.78,6092205.35,6625966.172499999,343204.40384457505,6256928.3412500005,468395.6396514293,6139172.458333333,430634.9671352389,6576036.519749102,6312006.8852007575,1.0178966379261274,1.077932864523199,0.07911979973370697,277036.5800000001,605376.2316666674,0.051796884395364014,260.0,260.0,150.0,44963.657933333336,151.25,6359045.78,38307.50469879518,6227314.3725,-1.0,-1.8369701987210297e-16,-0.992708874098054,-0.12053668025532357
2025-09-22,7150487.68,169,1.0,1.0,6493583.63,6744548.69,7041757.61,5805020.89,5713631.0,5899028.3,6686850.510000001,267550.3380831529,6358639.7612499995,409884.08138568426,6192132.1125,431997.681275666,6543055.363849461,6339941.769016026,0.9710974726127083,1.0212221282879332,-0.07784618704022683,-250965.06000000052,301451.5175000001,0.04001141309844429,260.0,260.0,143.0,45409.67573426574,149.75,6594212.84,39019.01088757396,6378490.955,-1.0,-1.8369701987210297e-16,-1.0,-1.8369701987210297e-16
2025-09-29,7133975.54,155,0.0,3.0,7150487.68,6493583.63,6467512.11,6048315.66,6251043.49,6183695.46,6714033.0275,316646.1584428668,6526823.109999999,425991.0935796343,6311870.169166666,483385.5618472188,6786028.290309677,6464641.139936637,1.0650063308762894,1.09555407883576,0.10560097273633073,656904.0499999998,838617.5108333332,0.047161841049324034,260.0,260.0,155.0,46132.17858064516,149.0,6979915.97,41301.27792899408,6711192.609999999,-1.0,-1.8369701987210297e-16,-0.992708874098054,0.1205366802553232
2025-10-06,6768084.43,168,2.0,3.0,7133975.54,7150487.68,6744548.69,6018333.22,5791900.5,6355167.63,6880648.885,319024.63025488885,6662530.595000001,424703.493936558,6385447.840000001,537457.8958170783,6925207.190185806,6567615.663023308,1.0368172623300485,1.0707606424132299,0.05773949717012128,-16512.139999999665,748527.6999999993,0.046365486102680105,257.0,259.25,150.0,47559.83693333333,149.5,6627936.51,42760.88070967742,6640277.775,-0.8660254037844386,0.5000000000000001,-0.9709418174260521,0.23931566428755738
2025-10-13,6802618.77,162,3.0,1.0,6768084.43,7133975.54,6493583.63,6250046.28,5679892.2700000005,6609298.35,6886532.82,315879.27800236066,6756249.49625,335622.4279172994,6466796.5008333335,512761.8574747549,6862358.086111483,6598457.011788953,0.9827999962977014,1.0017517017032258,0.04227262104268914,-365891.11000000034,301287.92916666623,0.04586913128257779,256.0,258.25,143.0,47329.26174825175,147.75,7213875.89,42939.73744047619,6853985.3025,-0.8660254037844386,0.5000000000000001,-0.9350162426854148,0.35460488704253557
2025-10-20,6475302.4,156,1.0,0.0,6802618.77,6768084.43,7150487.68,7041757.61,5805020.89,6999607.92,6963791.6049999995,206636.53858963717,6825321.0575,266253.9785526741,6560357.0424999995,455340.76907220134,6838462.3596668895,6629866.513052192,0.9768555918755125,0.9966738139775778,-0.048649676157472954,34534.33999999985,242261.72750000004,0.029672992862289593,258.0,257.75,138.0,49294.33891304347,146.5,6679573.59,41231.93574074074,6875325.49,-0.8660254037844386,0.5000000000000001,-0.8854560256532101,0.464723172043768
2025-10-27,6399515.76,153,4.0,2.0,6475302.4,6802618.77,7133975.54,6467512.11,6048315.66,6191128.75,6794995.285,269501.67942573543,6754514.15625,275628.5307875894,6616213.835,390797.4585253438,6693198.375800135,6606087.41873647,0.9529517134904091,0.9586629401033022,-0.09232904378587192,-327316.3699999992,-140911.4349999996,0.039661790497583164,259.0,257.5,137.0,47264.98102189782,142.0,6940528.38,44490.566538461535,6865478.5925,-0.8660254037844386,0.5000000000000001,-0.822983865893657,0.5680647467311548
2025-11-03,6876135.24,141,0.0,1.0,6399515.76,6475302.4,6768084.43,6744548.69,6018333.22,6574280.74,6611380.34,203741.7605244629,6746014.612500001,286574.1882817964,6645480.510000001,356003.1216464585,6575725.32948008,6574307.163546244,0.9679545618154529,0.948636510235546,-0.05445686646081038,-75786.6400000006,-245964.75000000093,0.030816826448750778,261.0,258.5,137.0,46711.79386861314,138.75,6510749.04,42553.91529411765,6836181.725,-0.5000000000000004,0.8660254037844384,-0.7485107481711011,0.6631226582407952
2025-11-10,6842420.33,152,2.0,2.0,6876135.24,6399515.76,6802618.77,6493583.63,6250046.28,6416341.43,6638393.0425,236045.44464339293,6762462.931249999,290230.9939588029,6716964.011666667,300407.2444703485,6695889.293688048,6620742.252231437,1.0358132150323034,1.0168093060036913,0.01080708363729177,476619.48000000045,159171.2283333335,0.03555761810609799,260.0,259.5,143.0,48084.86181818182,138.75,5831650.66,41359.2245390071,6490625.4174999995,-0.5000000000000004,0.8660254037844384,-0.6631226582407955,0.7485107481711007
2025-11-17,6661587.87,156,1.0,2.0,6842420.33,6876135.24,6475302.4,7150487.68,7041757.61,6138064.2,6648343.4325,245908.7630523337,6806067.518750001,269529.8646442492,6766328.515833333,263054.5235979013,6754501.708212828,6654846.5718881395,1.029191767764473,1.0053412357649776,0.05669510199245664,-33714.91000000015,76091.81416666694,0.036987975357925175,260.0,260.0,133.0,51446.76939849624,137.5,6753921.5,44433.69407894737,6509212.395,-0.5000000000000004,0.8660254037844384,-0.5680647467311559,0.8229838658936564
2025-11-24,7024907.26,151,0.0,2.0,6661587.87,6842420.33,6399515.76,7133975.54,6467512.11,5667834.51,6694914.8,218304.0741340176,6744955.0425,233267.3753890306,6734647.704166667,249406.53874936298,6717336.172927696,6655883.694674579,0.9950220531559267,0.9876400699523269,0.040951865708039215,-180832.45999999996,-73059.8341666665,0.0326074461969281,259.0,260.0,136.0,48982.26375,137.25,7036223.95,45103.999679487184,6533136.2875,-0.5000000000000004,0.8660254037844384,-0.4647231720437684,0.88545602565321
2025-12-01,8086459.82,159,1.0,0.0,7024907.26,6661587.87,6876135.24,6768084.43,6744548.69,6283432.73,6851262.675,149249.0146325936,6731321.507499999,209231.58370620775,6781097.3,247025.62287509965,6840364.6077566175,6712656.55087849,1.0253449025730137,1.0436148759456652,0.021635993884262072,363319.38999999966,243809.95999999996,0.021784161797970124,257.0,259.0,139.0,50538.90115107913,137.75,6433972.1,42609.08675496688,6513942.0525,-2.4492935982947064e-16,1.0,-0.35460488704253595,0.9350162426854147
2025-12-08,7321910.66,158,0.0,1.0,8086459.82,7024907.26,6842420.33,6802618.77,6493583.63,6414336.95,7153843.82,639191.6119586343,6896118.431249999,524299.4120397235,6892923.2275,449627.45113120065,7338802.692653971,6924010.899974108,1.1303657199494188,1.1726103460398718,0.18181278407373136,1061552.5600000005,1193536.5925000003,0.08934939426153621,258.0,258.5,148.0,54638.24202702703,139.0,7694561.32,48393.46742138365,6979669.7175,-2.4492935982947064e-16,1.0,-0.2393156642875578,0.970941817426052
2025-12-15,7555474.1,163,0.0,1.0,7321910.66,8086459.82,6661587.87,6475302.4,7150487.68,6131882.59,7273716.4025,605387.4458663538,6961029.9175,542886.1945050167,6961950.48,446317.6871994004,7332045.879592382,6985226.247670399,1.0066258092607838,1.051843009838637,0.09912393304511036,-764549.1600000001,359960.1799999997,0.08322945415610103,257.0,257.75,135.0,54236.37525925926,139.5,7428851.26,47018.045949367086,7148402.1575,-2.4492935982947064e-16,1.0,-0.12053668025532363,0.992708874098054
2025-12-22,7260452.51,144,0.0,2.0,7555474.1,7321910.66,7024907.26,6399515.76,7133975.54,5858067.78,7497187.96,448854.01880483766,7096051.38,539134.7887992491,6995699.348333333,476182.7795868779,7421417.167755429,7072956.686490338,1.0077744002565996,1.0647434320014746,0.07552652588327557,233563.43999999948,559774.7516666669,0.059869649954039254,256.0,257.0,135.0,55966.474814814814,139.25,8146124.34,49976.22294478527,7425877.255,-2.4492935982947064e-16,1.0,6.432490598706546e-16,1.0
